date,min,max,median,q1,q3,stdev,count
2020-03-26T00:00:00.000Z,3,8,5,4,6,1.08,923
2020-03-27T00:00:00.000Z,3,13,4,3,5,1.619,1442
2020-03-28T00:00:00.000Z,1,7,4,3,4,1.288,692
2020-03-29T00:00:00.000Z,1,101,1.5,1,4,31.938,120
2020-03-30T00:00:00.000Z,1,1,1,1,1,0,29
2020-03-31T00:00:00.000Z,1,4,2,1,3,1.079,405
2020-04-01T00:00:00.000Z,1,4,2,1,3,1.025,205
2020-04-02T00:00:00.000Z,1,3,1,1,1,0.664,97
2020-04-03T00:00:00.000Z,1,1,1,1,1,0,10
2020-04-04T00:00:00.000Z,1,4,2,1,3,0.974,72
2020-04-05T00:00:00.000Z,1,119,4,3,34.5,25.053,129
2020-04-06T00:00:00.000Z,1,8,4,3,4,1.641,269
2020-04-07T00:00:00.000Z,1,18,4,3,8,4.122,224
2020-04-08T00:00:00.000Z,1,4,1,1,2,0.911,144
2020-04-09T00:00:00.000Z,1,4,3,3,4,1.012,73
2020-04-10T00:00:00.000Z,1,22,3,1,4,5.657,79
2020-04-11T00:00:00.000Z,1,8,3,2,4,1.594,89
2020-04-12T00:00:00.000Z,1,78,4,3,4,9.941,222
2020-04-13T00:00:00.000Z,1,4,2,1,3,0.841,41
2020-04-14T00:00:00.000Z,1,6,2,1,2,1.178,71
2020-04-15T00:00:00.000Z,1,20,2.5,2,5,5.052,64
2020-04-16T00:00:00.000Z,1,22,3,1,4,3.401,62
2020-04-17T00:00:00.000Z,1,28,3,2,11.5,7.996,72
2020-04-18T00:00:00.000Z,2,7,3,2,4.5,1.405,28
2020-04-19T00:00:00.000Z,1,4,3,2,3,0.876,23
2020-04-20T00:00:00.000Z,1,4,3,2,4,1.061,86
2020-04-21T00:00:00.000Z,1,4,1.5,1,3.5,1.244,20
2020-04-22T00:00:00.000Z,1,3,1,1,3,0.841,31
2020-04-23T00:00:00.000Z,1,4,2,1,4,1.197,49
2020-04-24T00:00:00.000Z,1,4,2,2,4,1.082,44
2020-04-25T00:00:00.000Z,1,15,3,1,3.5,3.13,48
2020-04-26T00:00:00.000Z,1,55,3,2,6,15.169,110
2020-04-27T00:00:00.000Z,1,3,2,1,3,0.809,18
2020-04-28T00:00:00.000Z,1,1,1,1,1,0,25
2020-04-29T00:00:00.000Z,1,3,1,1,2,0.68,47
2020-04-30T00:00:00.000Z,1,4,2,2,3,1.073,215
2020-05-01T00:00:00.000Z,1,117,4,2.5,5,22.168,285
2020-05-02T00:00:00.000Z,1,8,4,3,4,1.557,67
2020-05-03T00:00:00.000Z,1,10,3,2,4,2.133,93
2020-05-04T00:00:00.000Z,1,5,3,2,3,0.783,55
2020-05-05T00:00:00.000Z,1,4,2,2,3,0.854,30
2020-05-06T00:00:00.000Z,1,4,2,1,3,0.944,28
2020-05-07T00:00:00.000Z,1,4,2,1,4,1.223,19
2020-05-08T00:00:00.000Z,1,4,3,1,4,1.183,125
2020-05-09T00:00:00.000Z,1,23,4,1,8,5.738,98
2020-05-10T00:00:00.000Z,1,4,2,1,4,1.394,85
2020-05-11T00:00:00.000Z,1,5,3.5,2,4,1.136,24
2020-05-12T00:00:00.000Z,1,7,2,2,4,1.556,78
2020-05-13T00:00:00.000Z,1,50,3,2,19.5,13.301,48
2020-05-14T00:00:00.000Z,1,20,3,2.5,5,4.476,96
2020-05-15T00:00:00.000Z,1,36,4,1,8.5,6.88,76
2020-05-16T00:00:00.000Z,1,7,3,2,4,1.572,68
2020-05-17T00:00:00.000Z,1,9,3,2,4,1.595,94
2020-05-18T00:00:00.000Z,1,7,2,2,3,1.43,40
2020-05-19T00:00:00.000Z,1,7,3,1,4,1.667,48
2020-05-20T00:00:00.000Z,1,4,3,1,4,1.168,43
2020-05-21T00:00:00.000Z,1,4,3,1,3.5,1.19,24
2020-05-22T00:00:00.000Z,1,3,2,1,3,0.889,111
2020-05-23T00:00:00.000Z,0,29,0,0,1,3.107,960
2020-05-24T00:00:00.000Z,0,22,1,0,3,2.335,1348
2020-05-25T00:00:00.000Z,0,4,0,0,3,1.564,1308
2020-05-26T00:00:00.000Z,0,5,0,0,1,1.256,1374
2020-05-27T00:00:00.000Z,0,5,0,0,0,0.912,1376
2020-05-28T00:00:00.000Z,0,4,0,0,0,1.285,1376
2020-05-29T00:00:00.000Z,0,3,0,0,0,0.848,1379
2020-05-30T00:00:00.000Z,0,4,0,0,0,0.553,1345
2020-05-31T00:00:00.000Z,0,4,0,0,0,0.921,1358
2020-06-01T00:00:00.000Z,0,5,0,0,0,0.814,1227
2020-06-02T00:00:00.000Z,0,1,0,0,0,0.244,1367
2020-06-03T00:00:00.000Z,0,4,0,0,1,1.036,1344
2020-06-04T00:00:00.000Z,0,4,2,1,3,1.179,1350
2020-06-05T00:00:00.000Z,0,9,3,2,3,1.227,1365
2020-06-06T00:00:00.000Z,0,7,0,0,1,1.323,1378
2020-06-07T00:00:00.000Z,0,5,0,0,0,0.739,1366
2020-06-08T00:00:00.000Z,0,4,0,0,0,0.58,1379
2020-06-09T00:00:00.000Z,0,4,0,0,1,0.99,1264
2020-06-10T00:00:00.000Z,0,1,0,0,0,0.163,1028
2020-06-11T00:00:00.000Z,0,1,0,0,0,0.203,1370
2020-06-12T00:00:00.000Z,0,4,0,0,1,0.951,1364
2020-06-13T00:00:00.000Z,0,5,0,0,1,1.106,1360
2020-06-14T00:00:00.000Z,0,17,0,0,0,1.92,1350
2020-06-15T00:00:00.000Z,0,6,0,0,1,0.946,1360
2020-06-16T00:00:00.000Z,0,13,1,0,2,1.661,1361
2020-06-17T00:00:00.000Z,0,10,2,0,3,1.654,1371
2020-06-18T00:00:00.000Z,0,24,2,1,3,2.845,1368
2020-06-19T00:00:00.000Z,1,7,3,3,4,0.807,1360
2020-06-20T00:00:00.000Z,0,7,4,3,4,1.539,1356
2020-06-21T00:00:00.000Z,0,14,0,0,1,1.163,1379
2020-06-22T00:00:00.000Z,0,5,0,0,1,0.789,1347
2020-06-23T00:00:00.000Z,0,6,1,0,2,1.177,1371
2020-06-24T00:00:00.000Z,0,79,3,2,3,3.909,1348
2020-06-25T00:00:00.000Z,0,35,3,3,4,2.682,1353
2020-06-26T00:00:00.000Z,0,10,2,1,3,1.535,1340
2020-06-27T00:00:00.000Z,0,9,3,3,4,1.138,1323
2020-06-28T00:00:00.000Z,3,6,4,4,4,0.548,1331
2020-06-29T00:00:00.000Z,0,14,0,0,3,1.785,1290
2020-06-30T00:00:00.000Z,0,7,0,0,0,0.717,1278
2020-07-01T00:00:00.000Z,0,1,0,0,0,0.101,1250
2020-07-02T00:00:00.000Z,0,19,0,0,0,1.517,1270
2020-07-03T00:00:00.000Z,0,3,0,0,0,0.492,1303
2020-07-04T00:00:00.000Z,0,4,0,0,0,0.379,871
2020-07-05T00:00:00.000Z,0,55,0,0,1,6.722,809
2020-07-06T00:00:00.000Z,0,1,0,0,0,0.175,824
2020-07-07T00:00:00.000Z,0,41,0,0,0,3.28,1251
2020-07-08T00:00:00.000Z,0,0,0,0,0,0,1279
2020-07-09T00:00:00.000Z,0,7,0,0,0,0.693,1262
2020-07-10T00:00:00.000Z,0,3,0,0,0,0.309,1302
2020-07-11T00:00:00.000Z,0,5,0,0,0,0.448,1320
2020-07-12T00:00:00.000Z,0,6,0,0,0,0.972,1320
2020-07-13T00:00:00.000Z,0,16,0,0,0,1.369,1311
2020-07-14T00:00:00.000Z,0,4,0,0,0,0.549,1304
2020-07-15T00:00:00.000Z,0,1,0,0,0,0.137,1304
2020-07-16T00:00:00.000Z,0,4,0,0,0,0.59,1299
2020-07-17T00:00:00.000Z,0,13,0,0,0,1.792,1292
2020-07-18T00:00:00.000Z,0,2,0,0,0,0.387,1296
2020-07-19T00:00:00.000Z,0,4,0,0,1,0.999,1330
2020-07-20T00:00:00.000Z,0,11,1,0,2,1.54,1301
2020-07-21T00:00:00.000Z,0,9,0,0,0,1.158,1269
2020-07-22T00:00:00.000Z,0,1,0,0,0,0.193,1244
2020-07-23T00:00:00.000Z,0,0,0,0,0,0,1264
2020-07-24T00:00:00.000Z,0,0,0,0,0,0,1274
2020-07-25T00:00:00.000Z,0,0,0,0,0,0,1145
2020-07-27T00:00:00.000Z,0,1,0,0,0,0.287,298
2020-07-28T00:00:00.000Z,0,3,0,0,1,0.792,966
2020-07-29T00:00:00.000Z,0,3,0,0,0,0.545,1155
2020-07-30T00:00:00.000Z,0,3,0,0,0,0.486,1125
2020-07-31T00:00:00.000Z,0,5,0,0,1,1.2,986
2020-08-01T00:00:00.000Z,0,8,1,0,3,1.623,1092
2020-08-02T00:00:00.000Z,0,5,1,0,1,1.056,1127
2020-08-03T00:00:00.000Z,0,2,0,0,0,0.418,1082
2020-08-04T00:00:00.000Z,0,7,0,0,0,0.924,1239
2020-08-05T00:00:00.000Z,0,5,0,0,0,0.786,1304
2020-08-06T00:00:00.000Z,0,29,0,0,0,3.623,1332
2020-08-07T00:00:00.000Z,0,18,0,0,1,2.566,1370
2020-08-08T00:00:00.000Z,0,9,0,0,1,1.25,1288
2020-08-09T00:00:00.000Z,0,89,0,0,1,4.83,1347
2020-08-10T00:00:00.000Z,0,7,0,0,0,0.732,1370
2020-08-11T00:00:00.000Z,0,2,0,0,0,0.327,1373
2020-08-12T00:00:00.000Z,0,6,0,0,0,1.041,1322
2020-08-13T00:00:00.000Z,0,25,1,0,3,2.503,1352
2020-08-14T00:00:00.000Z,0,12,3,2,4,1.897,1365
2020-08-15T00:00:00.000Z,0,15,3,3,4,1.584,1354
2020-08-16T00:00:00.000Z,0,8,3,0,4,1.946,1352
2020-08-17T00:00:00.000Z,0,8,2,0,3,1.604,1324
2020-08-18T00:00:00.000Z,0,8,2,1,4,1.684,1314
2020-08-19T00:00:00.000Z,0,5,1,0,4,1.78,1337
2020-08-20T00:00:00.000Z,0,3,0,0,0,0.478,1365
2020-08-21T00:00:00.000Z,0,9,2,1,4,1.846,1331
2020-08-22T00:00:00.000Z,0,64,0,0,2,5.342,1303
2020-08-23T00:00:00.000Z,0,16,0,0,0,1.792,1325
2020-08-24T00:00:00.000Z,0,1,0,0,0,0.062,1286
2020-08-25T00:00:00.000Z,0,2,0,0,0,0.25,1271
2020-08-26T00:00:00.000Z,0,0,0,0,0,0,1286
2020-08-27T00:00:00.000Z,0,0,0,0,0,0,1346
2020-08-28T00:00:00.000Z,0,0,0,0,0,0,1317
2020-08-29T00:00:00.000Z,0,29,0,0,0,1.867,1315
2020-08-30T00:00:00.000Z,0,30,0,0,0,2.629,1320
2020-08-31T00:00:00.000Z,0,10,0,0,0,0.933,1296
2020-09-01T00:00:00.000Z,0,29,0,0,0,2.244,1327
2020-09-02T00:00:00.000Z,0,19,0,0,1,2.003,1299
2020-09-03T00:00:00.000Z,0,11,2,1,3,1.778,1292
2020-09-04T00:00:00.000Z,0,37,0,0,0,2.497,1291
2020-09-05T00:00:00.000Z,0,13,0,0,0,1.096,1311
2020-09-06T00:00:00.000Z,0,32,0,0,0,2.576,1286
2020-09-07T00:00:00.000Z,0,5,0,0,0,0.658,1282
2020-09-08T00:00:00.000Z,0,27,0,0,0,1.868,1174
2020-09-09T00:00:00.000Z,0,7,0,0,0,1.234,1215
2020-09-10T00:00:00.000Z,0,7,0,0,0,0.895,1183
2020-09-11T00:00:00.000Z,0,4,0,0,0,0.585,1125
2020-09-12T00:00:00.000Z,0,19,0,0,1,1.484,1099
2020-09-13T00:00:00.000Z,0,13,0,0,1,1.252,1162
2020-09-14T00:00:00.000Z,0,28,0,0,0,2.138,1128
2020-09-15T00:00:00.000Z,0,4,1,0,1,0.984,1138
2020-09-16T00:00:00.000Z,0,4,0,0,3,1.657,1258
2020-09-17T00:00:00.000Z,0,5,0,0,1,0.901,940
2020-09-18T00:00:00.000Z,0,11,0,0,0,1.307,1142
2020-09-19T00:00:00.000Z,0,7,0,0,0,1.004,1231
2020-09-20T00:00:00.000Z,0,18,0,0,0,1.868,1230
2020-09-21T00:00:00.000Z,0,6,0,0,0,1.029,1213
2020-09-22T00:00:00.000Z,0,33,0,0,0,3.03,1213
2020-09-23T00:00:00.000Z,0,11,4,3,4,1.709,1242
2020-09-24T00:00:00.000Z,0,24,4,4,6,2.644,1263
2020-09-25T00:00:00.000Z,0,17,0,0,1,1.858,1280
2020-09-26T00:00:00.000Z,3,23,4,4,6,2.028,1293
2020-09-27T00:00:00.000Z,3,12,8,8,8,1.512,1284
2020-09-28T00:00:00.000Z,0,9,4,3,6,2.012,1246
2020-09-29T00:00:00.000Z,0,4,0,0,1,0.941,1260
2020-09-30T00:00:00.000Z,0,4,0,0,2,1.437,1217
2020-10-01T00:00:00.000Z,0,4,3,1,4,1.601,1095
2020-10-02T00:00:00.000Z,1,10,5,3,8,2.206,1090
2020-10-03T00:00:00.000Z,1,16,8,4,10,3.894,1084
2020-10-04T00:00:00.000Z,4,15,8,8,9,2.443,1137
2020-10-05T00:00:00.000Z,0,5,0,0,1,1.412,1141
2020-10-06T00:00:00.000Z,0,10,0,0,4,2.91,1155
2020-10-07T00:00:00.000Z,0,0,0,0,0,0,1159
2020-10-08T00:00:00.000Z,0,0,0,0,0,0,1165
2020-10-09T00:00:00.000Z,0,4,0,0,0,0.998,1195
2020-10-10T00:00:00.000Z,0,7,0,0,1,1.291,1256
2020-10-11T00:00:00.000Z,0,4,0,0,1,1.092,1264
2020-10-12T00:00:00.000Z,0,4,0,0,1,0.908,1227
2020-10-13T00:00:00.000Z,0,4,0,0,0,1.064,1231
2020-10-14T00:00:00.000Z,0,3,0,0,0,0.483,1221
2020-10-15T00:00:00.000Z,0,4,0,0,0,0.819,1207
2020-10-16T00:00:00.000Z,0,5,0,0,0,0.843,1236
2020-10-17T00:00:00.000Z,0,4,0,0,2,1.056,1253
2020-10-18T00:00:00.000Z,0,1,0,0,0,0.167,1260
2020-10-19T00:00:00.000Z,0,3,0,0,0,0.305,1235
2020-10-20T00:00:00.000Z,0,2,0,0,0,0.22,1041
2020-10-21T00:00:00.000Z,0,34,4,3,4,3.193,1209
2020-10-22T00:00:00.000Z,0,4,0,0,0,0.985,1229
2020-10-23T00:00:00.000Z,0,9,0,0,0,1.382,1193
2020-10-24T00:00:00.000Z,0,3,0,0,0,0.831,1237
2020-10-25T00:00:00.000Z,0,10,2,0,3,1.802,1375
2020-10-26T00:00:00.000Z,0,8,0,0,1,2.649,1302
2020-10-27T00:00:00.000Z,0,11,1,0,4,2.883,1271
2020-10-28T00:00:00.000Z,0,4,1,0,2,1.291,1255
2020-10-29T00:00:00.000Z,0,15,0,0,1,1.857,1295
2020-10-30T00:00:00.000Z,0,1,0,0,0,0.371,1309
2020-10-31T00:00:00.000Z,0,4,3,1,4,1.582,1302
2020-11-01T00:00:00.000Z,0,9,4,3,6,1.686,1305
2020-11-02T00:00:00.000Z,0,8,1,0,3,2.267,1284
2020-11-03T00:00:00.000Z,0,4,0,0,0,0.753,1285
2020-11-04T00:00:00.000Z,0,4,0,0,0,0.663,1028
2020-11-05T00:00:00.000Z,0,4,0,0,2,1.335,1028
2020-11-06T00:00:00.000Z,0,6,0,0,2,1.385,1015
2020-11-07T00:00:00.000Z,0,4,0,0,1,1.459,1145
2020-11-08T00:00:00.000Z,0,7,0,0,3,1.593,1064
2020-11-09T00:00:00.000Z,0,4,1,0,2,1.361,973
2020-11-10T00:00:00.000Z,0,3,0,0,1,0.619,991
2020-11-11T00:00:00.000Z,0,7,4,1,4,1.811,1084
2020-11-12T00:00:00.000Z,3,16,7,4,9,3.009,1079
2020-11-13T00:00:00.000Z,2,9,4,3,4,1.32,1011
2020-11-14T00:00:00.000Z,0,6,4,3,4,0.785,1071
2020-11-15T00:00:00.000Z,2,24,4,3,8,5.346,874
2020-11-16T00:00:00.000Z,1,23,8,4,18,6.55,967
2020-11-17T00:00:00.000Z,0,4,2,0,3,1.45,1030
2020-11-18T00:00:00.000Z,0,4,0,0,0,0.865,1095
2020-11-19T00:00:00.000Z,0,4,1,0,3,1.51,1017
2020-11-20T00:00:00.000Z,0,0,0,0,0,0,1107
2020-11-21T00:00:00.000Z,0,0,0,0,0,0,1046
2020-11-22T00:00:00.000Z,0,2,0,0,0,0.471,1020
2020-11-23T00:00:00.000Z,0,0,0,0,0,0,922
2020-11-24T00:00:00.000Z,0,4,0,0,0,0.677,985
2020-11-25T00:00:00.000Z,0,4,3,1,4,1.514,990
2020-11-26T00:00:00.000Z,0,4,2,0,3,1.673,957
2020-11-27T00:00:00.000Z,0,0,0,0,0,0,976
2020-11-28T00:00:00.000Z,0,3,0,0,1,0.823,993
2020-11-29T00:00:00.000Z,0,4,2,1,3,1.182,1013
2020-11-30T00:00:00.000Z,0,5,3,1,4,1.563,882
2020-12-01T00:00:00.000Z,0,4,1,0,2.5,1.471,920
2020-12-02T00:00:00.000Z,0,8,4,0,4,2.295,932
2020-12-03T00:00:00.000Z,3,10,5,4,7,1.914,808
2020-12-04T00:00:00.000Z,0,7,3,1,4,1.53,664
2020-12-05T00:00:00.000Z,3,15,7,5,8,2.344,870
2020-12-06T00:00:00.000Z,3,19,10,8,14,4.268,1063
2020-12-07T00:00:00.000Z,1,8,4,3,4,1.671,970
2020-12-08T00:00:00.000Z,3,8,4,4,4,0.926,1000
2020-12-09T00:00:00.000Z,2,8,4,3,4,0.955,1067
2020-12-10T00:00:00.000Z,3,8,4,4,6,1.332,1052
2020-12-11T00:00:00.000Z,0,7,4,3,4,1.018,1019
2020-12-12T00:00:00.000Z,0,6,4,3,4,1.227,1047
2020-12-13T00:00:00.000Z,0,9,4,3,6,1.881,1054
2020-12-14T00:00:00.000Z,0,4,3,2,3,0.895,1019
2020-12-15T00:00:00.000Z,3,8,4,4,5,1.126,1049
2020-12-16T00:00:00.000Z,0,4,0,0,0,1.07,1025
2020-12-17T00:00:00.000Z,0,4,0.5,0,2,1.284,984
2020-12-18T00:00:00.000Z,0,2,0,0,0,0.351,1031
2020-12-19T00:00:00.000Z,0,5,3,2,4,1.25,1005
2020-12-20T00:00:00.000Z,0,11,4,4,6,2.409,1077
2020-12-21T00:00:00.000Z,0,3,0,0,1,0.657,1009
2020-12-22T00:00:00.000Z,0,6,2,0,4,1.712,1002
2020-12-23T00:00:00.000Z,0,0,0,0,0,0,1046
2020-12-24T00:00:00.000Z,0,5,0,0,0,0.692,1000
2020-12-25T00:00:00.000Z,0,0,0,0,0,0,1061
2020-12-26T00:00:00.000Z,0,7,0,0,0,1.418,1098
2020-12-27T00:00:00.000Z,0,4,2,0,3,1.658,1066
2020-12-28T00:00:00.000Z,0,6,4,3,4,1.419,1037
2020-12-29T00:00:00.000Z,0,4,2,0,3,1.538,1057
2020-12-30T00:00:00.000Z,0,4,0,0,3,1.569,1086
2020-12-31T00:00:00.000Z,0,24,1,0,4,3.6,1091
2021-01-01T00:00:00.000Z,0,25,5,1,14,7.656,1057
2021-01-02T00:00:00.000Z,0,4,1,0,3,1.59,1032
2021-01-03T00:00:00.000Z,0,0,0,0,0,0,1031
2021-01-04T00:00:00.000Z,0,4,0,0,1,0.963,986
2021-01-05T00:00:00.000Z,0,4,0,0,1,0.586,936
2021-01-06T00:00:00.000Z,0,4,1,0,2,1.215,973
2021-01-07T00:00:00.000Z,0,4,2,1,3,1.353,1017
2021-01-08T00:00:00.000Z,0,4,3,1,4,1.427,985
2021-01-09T00:00:00.000Z,1,5,4,3,4,0.704,1005
2021-01-10T00:00:00.000Z,0,3,0,0,0,0.743,1047
2021-01-11T00:00:00.000Z,0,4,0,0,0,0.935,975
2021-01-12T00:00:00.000Z,0,4,0,0,1,0.918,991
2021-01-13T00:00:00.000Z,0,8,3,0,4,1.851,985
2021-01-14T00:00:00.000Z,0,8,3,0,4,2.21,924
2021-01-15T00:00:00.000Z,0,2,0,0,0,0.25,1036
2021-01-16T00:00:00.000Z,0,4,0,0,0,0.896,929
2021-01-17T00:00:00.000Z,0,9,0,0,0,1.07,954
2021-01-18T00:00:00.000Z,0,4,2,1,2,1.235,895
2021-01-19T00:00:00.000Z,3,8,4,3,4,1.04,848
2021-01-20T00:00:00.000Z,3,21,8,4,11,4.628,954
2021-01-21T00:00:00.000Z,0,6,3,0,4,1.69,950
2021-01-22T00:00:00.000Z,0,5,0,0,1,1.143,989
2021-01-23T00:00:00.000Z,0,3,0,0,0,0.679,1014
2021-01-24T00:00:00.000Z,0,4,0,0,1,0.998,996
2021-01-25T00:00:00.000Z,0,0,0,0,0,0,955
2021-01-26T00:00:00.000Z,0,0,0,0,0,0,984
2021-01-27T00:00:00.000Z,0,4,0,0,0,0.946,938
2021-01-28T00:00:00.000Z,0,3,1,0,1,0.868,1015
2021-01-29T00:00:00.000Z,0,4,2,2,3,1.008,982
2021-01-30T00:00:00.000Z,0,8,0,0,1,1.35,997
2021-01-31T00:00:00.000Z,0,8,0,0,0,1.11,1005
2021-02-01T00:00:00.000Z,0,4,0,0,3,1.563,882
2021-02-02T00:00:00.000Z,0,4,3,0,4,1.641,896
2021-02-03T00:00:00.000Z,0,4,3,2,3,0.754,919
2021-02-04T00:00:00.000Z,0,3,0,0,0,0.569,939
2021-02-05T00:00:00.000Z,0,3,1,0,2,1.018,919
2021-02-06T00:00:00.000Z,0,0,0,0,0,0,939
2021-02-07T00:00:00.000Z,0,2,0,0,0,0.412,1021
2021-02-08T00:00:00.000Z,0,4,0,0,0,0.643,1010
2021-02-09T00:00:00.000Z,0,9,0,0,0,1.663,991
2021-02-10T00:00:00.000Z,0,7,0,0,1,1.246,972
2021-02-11T00:00:00.000Z,0,4,0,0,0,0.668,954
2021-02-12T00:00:00.000Z,0,3,0,0,0,0.511,1005
2021-02-13T00:00:00.000Z,0,4,0,0,0,0.94,1033
2021-02-14T00:00:00.000Z,0,0,0,0,0,0,979
2021-02-15T00:00:00.000Z,0,4,0,0,1,1.049,946
2021-02-16T00:00:00.000Z,0,4,1,0,2,1.152,959
2021-02-17T00:00:00.000Z,0,4,0,0,0,0.808,1012
2021-02-18T00:00:00.000Z,0,7,2,0,3,1.584,1021
2021-02-19T00:00:00.000Z,3,28,12,8,18.5,5.666,929
2021-02-20T00:00:00.000Z,0,10,3,2,4,1.519,970
2021-02-21T00:00:00.000Z,0,4,3,1,4,1.572,996
2021-02-22T00:00:00.000Z,2,7,4,3,4,0.778,932
2021-02-23T00:00:00.000Z,1,16,7,4,10,3.787,881
2021-02-24T00:00:00.000Z,0,11,4,4,8,2.608,904
2021-02-25T00:00:00.000Z,0,5,3,2,4,1.08,891
2021-02-26T00:00:00.000Z,0,4,1,0,2,1.124,920
2021-02-27T00:00:00.000Z,0,1,0,0,0,0.13,981
2021-02-28T00:00:00.000Z,0,4,0,0,0,0.964,1006
2021-03-01T00:00:00.000Z,0,3,0,0,0,0.677,959
2021-03-02T00:00:00.000Z,0,4,0,0,0,1.037,914
2021-03-03T00:00:00.000Z,0,4,0,0,1,0.974,892
2021-03-04T00:00:00.000Z,0,2,0,0,0,0.354,924
2021-03-05T00:00:00.000Z,0,4,0,0,0,0.683,992
2021-03-06T00:00:00.000Z,0,0,0,0,0,0,1025
2021-03-07T00:00:00.000Z,0,1,0,0,0,0.167,1041
2021-03-08T00:00:00.000Z,0,2,0,0,0,0.287,1022
2021-03-09T00:00:00.000Z,0,4,0,0,3,1.56,1038
2021-03-10T00:00:00.000Z,0,4,3,2,4,1.12,997
2021-03-11T00:00:00.000Z,0,29,4,1,16,8.715,956
2021-03-12T00:00:00.000Z,0,11,2,0,5,3.219,978
2021-03-13T00:00:00.000Z,0,4,1,1,3,1.254,968
2021-03-14T00:00:00.000Z,0,4,1,0,3,1.572,979
2021-03-15T00:00:00.000Z,0,4,1,0,3,1.352,866
2021-03-16T00:00:00.000Z,0,4,0,0,3,1.631,919
2021-03-17T00:00:00.000Z,0,4,1,0,1,0.888,943
2021-03-18T00:00:00.000Z,0,2,0,0,0,0.473,937
2021-03-19T00:00:00.000Z,0,4,0,0,0,0.685,972
2021-03-20T00:00:00.000Z,0,4,0,0,1,0.937,956
2021-03-21T00:00:00.000Z,0,3,0,0,0,0.361,908
2021-03-22T00:00:00.000Z,0,4,0,0,0,1.016,954
2021-03-23T00:00:00.000Z,0,4,0,0,0,0.904,1024
2021-03-24T00:00:00.000Z,0,7,4,3,4,1.238,925
2021-03-25T00:00:00.000Z,0,4,2,0,3,1.511,939
2021-03-26T00:00:00.000Z,0,16,4,3,8,3.584,877
2021-03-27T00:00:00.000Z,1,56,12,8,34,15.058,846
2021-03-28T00:00:00.000Z,0,30,0,0,1,7.466,662
2021-03-29T00:00:00.000Z,0,4,0,0,1,1.084,664
2021-03-30T00:00:00.000Z,0,2,0,0,0,0.41,660
2021-03-31T00:00:00.000Z,0,4,0,0,2,1.181,674
2021-04-01T00:00:00.000Z,0,3,0,0,0,0.572,660
2021-04-02T00:00:00.000Z,0,3,0,0,0,0.813,681
2021-04-03T00:00:00.000Z,0,4,0,0,1,1.168,708
2021-04-04T00:00:00.000Z,0,4,0,0,1,1.382,702
2021-04-05T00:00:00.000Z,0,4,0,0,0,1.046,695
2021-04-06T00:00:00.000Z,0,4,0,0,1,1.137,668
2021-04-07T00:00:00.000Z,0,3,0,0,0,0.616,633
2021-04-08T00:00:00.000Z,0,4,0,0,1,1.342,659
2021-04-09T00:00:00.000Z,0,4,0,0,0,1.071,638
2021-04-10T00:00:00.000Z,0,4,0,0,2,1.442,1044
2021-04-11T00:00:00.000Z,0,4,0,0,0,0.463,1181
2021-04-12T00:00:00.000Z,0,6,0,0,3,1.653,1230
2021-04-13T00:00:00.000Z,0,4,0,0,0,1.33,1197
2021-04-14T00:00:00.000Z,0,3,0,0,0,0.619,1200
2021-04-15T00:00:00.000Z,0,4,0,0,1,1.239,1241
2021-04-16T00:00:00.000Z,0,4,0,0,0,0.865,1178
2021-04-17T00:00:00.000Z,0,4,0,0,1,0.95,1203
2021-04-18T00:00:00.000Z,0,4,0,0,1,0.92,1201
2021-04-19T00:00:00.000Z,0,4,1,0,2,1.051,1197
2021-04-20T00:00:00.000Z,0,4,0,0,1,0.906,1225
2021-04-21T00:00:00.000Z,0,8,2,0,3,1.736,1212
2021-04-22T00:00:00.000Z,0,4,0,0,0,1.189,1185
2021-04-23T00:00:00.000Z,0,4,0,0,2,1.423,1226
2021-04-24T00:00:00.000Z,0,0,0,0,0,0,1234
2021-04-25T00:00:00.000Z,0,0,0,0,0,0,1166
2021-04-26T00:00:00.000Z,0,1,0,0,0,0.142,1173
2021-04-27T00:00:00.000Z,0,3,0,0,0,0.614,1206
2021-04-28T00:00:00.000Z,0,4,0,0,0,0.932,1157
2021-04-29T00:00:00.000Z,0,4,0,0,0,1.139,1262
2021-04-30T00:00:00.000Z,0,24,0,0,0,1.972,1196
2021-05-01T00:00:00.000Z,0,4,0,0,0,0.846,1195
2021-05-02T00:00:00.000Z,0,7,0,0,0,1.389,1207
2021-05-03T00:00:00.000Z,0,4,0,0,0,0.864,1227
2021-05-04T00:00:00.000Z,0,4,0,0,2,1.51,1211
2021-05-05T00:00:00.000Z,0,4,0,0,1,1.402,1202
2021-05-06T00:00:00.000Z,0,1,0,0,0,0.147,1182
2021-05-07T00:00:00.000Z,0,57,0,0,1,5.372,1212
2021-05-08T00:00:00.000Z,0,4,1,1,2,1.214,1202
2021-05-09T00:00:00.000Z,0,8,2,0,4,2.374,1253
2021-05-10T00:00:00.000Z,0,8,4,3,4,1.549,1202
2021-05-11T00:00:00.000Z,0,4,3,2,4,1.292,1236
2021-05-12T00:00:00.000Z,0,4,2,1,3,1.168,1226
2021-05-13T00:00:00.000Z,1,8,4,4,6,1.987,1223
2021-05-14T00:00:00.000Z,0,12,7,2,9,3.943,1245
2021-05-15T00:00:00.000Z,0,8,4,2,5,2.554,1134
2021-05-16T00:00:00.000Z,0,4,1,0,4,1.779,1177
2021-05-17T00:00:00.000Z,0,4,0,0,1,1.492,1187
2021-05-18T00:00:00.000Z,0,8,1,0,4,1.929,1212
2021-05-19T00:00:00.000Z,0,3,0,0,0,0.547,1159
2021-05-20T00:00:00.000Z,0,4,0,0,1,0.964,1253
2021-05-21T00:00:00.000Z,0,3,0,0,0,0.907,1181
2021-05-22T00:00:00.000Z,0,38,0,0,2,4.62,1162
2021-05-23T00:00:00.000Z,0,4,2,1,4,1.494,1205
2021-05-24T00:00:00.000Z,0,3,0,0,0,0.944,633
2021-05-25T00:00:00.000Z,0,4,0,0,1,1.133,832
2021-05-26T00:00:00.000Z,0,4,2,0,3,1.408,1184
2021-05-27T00:00:00.000Z,0,3,0,0,0,0.634,1224
2021-05-28T00:00:00.000Z,0,4,1,0,3,1.602,1158
2021-05-29T00:00:00.000Z,0,4,0,0,1,1.12,1180
2021-05-30T00:00:00.000Z,0,44,1,0,3,4.088,1197
2021-05-31T00:00:00.000Z,0,4,0,0,1,1.466,1219
2021-06-01T00:00:00.000Z,0,4,0,0,0,0.743,1232
2021-06-02T00:00:00.000Z,0,4,1,0,1,0.963,1242
2021-06-03T00:00:00.000Z,0,4,1,1,2,1.09,1244
2021-06-04T00:00:00.000Z,0,4,1,0,2,1.182,1262
2021-06-05T00:00:00.000Z,0,4,3,2,3,0.843,1236
2021-06-06T00:00:00.000Z,0,4,3,2,4,0.853,1225
2021-06-07T00:00:00.000Z,1,5,4,3,4,0.741,1222
2021-06-08T00:00:00.000Z,3,6,4,4,4,0.585,1233
2021-06-09T00:00:00.000Z,3,8,4,4,4,1.229,1198
2021-06-10T00:00:00.000Z,0,4,1,0,3,1.426,1207
2021-06-11T00:00:00.000Z,0,15,2,1,3,1.48,1203
2021-06-12T00:00:00.000Z,0,4,2,0,3,1.382,1234
2021-06-13T00:00:00.000Z,0,2,0,0,0,0.352,1226
2021-06-14T00:00:00.000Z,0,4,1,0,3,1.521,1201
2021-06-15T00:00:00.000Z,0,1,0,0,0,0.164,757
2021-06-16T00:00:00.000Z,0,4,0,0,0,0.647,1239
2021-06-17T00:00:00.000Z,0,4,1,0,1,0.924,1230
2021-06-18T00:00:00.000Z,0,14,4,2,6,2.813,1214
2021-06-19T00:00:00.000Z,0,8,4,0,6,2.598,1247
2021-06-20T00:00:00.000Z,3,11,7,4,8,1.98,1265
2021-06-21T00:00:00.000Z,0,8,4,3,4,1.438,1261
2021-06-22T00:00:00.000Z,0,9,4,4,5,1.806,1232
2021-06-23T00:00:00.000Z,0,4,2,1,3,1.145,1209
2021-06-24T00:00:00.000Z,0,4,3,2,4,1.045,1211
2021-06-25T00:00:00.000Z,1,6,4,3,4,0.928,1231
2021-06-26T00:00:00.000Z,0,8,3,2,4,1.667,1089
2021-06-27T00:00:00.000Z,0,7,3,1,3,1.442,1193
2021-06-28T00:00:00.000Z,1,6,4,3,4,0.834,1245
2021-06-29T00:00:00.000Z,0,4,3,2,4,1.204,1241
2021-06-30T00:00:00.000Z,0,7,4,3,4,1.33,1212
2021-07-01T00:00:00.000Z,0,4,0,0,2,1.35,1231
2021-07-02T00:00:00.000Z,0,4,3,0,3,1.587,1219
2021-07-03T00:00:00.000Z,0,11,3,2,4,1.148,1225
2021-07-04T00:00:00.000Z,0,5,3,2,4,1.051,1229
2021-07-05T00:00:00.000Z,0,4,3,2,3,0.865,1246
2021-07-06T00:00:00.000Z,0,6,3,2,4,0.967,1236
2021-07-07T00:00:00.000Z,0,4,4,3,4,0.949,1226
2021-07-08T00:00:00.000Z,0,3,0,0,1,0.622,1191
2021-07-09T00:00:00.000Z,0,4,0,0,1,1.022,1110
2021-07-10T00:00:00.000Z,0,6,4,3,4,0.99,1156
2021-07-11T00:00:00.000Z,0,10,0,0,2,1.67,1164
2021-07-12T00:00:00.000Z,0,4,1,1,2,1.159,1186
2021-07-13T00:00:00.000Z,0,4,3,2,3,1.122,1144
2021-07-14T00:00:00.000Z,0,5,4,3,4,0.721,1159
2021-07-15T00:00:00.000Z,3,9,7,5,8,1.67,1165
2021-07-16T00:00:00.000Z,0,13,1,0,4,2.579,1135
2021-07-17T00:00:00.000Z,3,36,4,4,5,4.097,1130
2021-07-18T00:00:00.000Z,0,8,2,0,4,2.59,1186
2021-07-19T00:00:00.000Z,0,2,0,0,0,0.329,1133
2021-07-20T00:00:00.000Z,0,4,0,0,3,1.576,1006
2021-07-21T00:00:00.000Z,0,1,0,0,0,0.151,1162
2021-07-22T00:00:00.000Z,0,17,1,0,3,2.38,1135
2021-07-23T00:00:00.000Z,0,3,0,0,1,0.745,1139
2021-07-24T00:00:00.000Z,0,4,1,0,3,1.337,1122
2021-07-25T00:00:00.000Z,0,6,2,1,3,1.3,1127
2021-07-26T00:00:00.000Z,0,6,3,2,3,1.148,1146
2021-07-27T00:00:00.000Z,1,8,4,3,4,1.027,1178
2021-07-28T00:00:00.000Z,2,8,4,4,4,1.157,1115
2021-07-29T00:00:00.000Z,0,6,2,0,3,1.604,1146
2021-07-30T00:00:00.000Z,0,5,0,0,0,0.82,1139
2021-07-31T00:00:00.000Z,0,4,1,0,3,1.384,1055
2021-08-01T00:00:00.000Z,0,2,0,0,0,0.506,1128
2021-08-02T00:00:00.000Z,0,300,0,0,0,26.83,1159
2021-08-03T00:00:00.000Z,0,2,0,0,0,0.292,1243
2021-08-04T00:00:00.000Z,0,2,0,0,0,0.248,1221
2021-08-05T00:00:00.000Z,0,4,0,0,1,1.101,1112
2021-08-06T00:00:00.000Z,0,2,0,0,0,0.367,1148
2021-08-07T00:00:00.000Z,0,4,0,0,1,0.764,1181
2021-08-08T00:00:00.000Z,0,1,0,0,0,0.333,1172
2021-08-09T00:00:00.000Z,0,3,0,0,0,0.621,1139
2021-08-10T00:00:00.000Z,0,2,1,0,1,0.608,1146
2021-08-11T00:00:00.000Z,0,4,1,1,2,0.801,1134
2021-08-12T00:00:00.000Z,0,4,1,0,2,1.157,1118
2021-08-13T00:00:00.000Z,0,4,3,1,4,1.454,966
2021-08-14T00:00:00.000Z,0,8,1,0,1,1.506,1025
2021-08-15T00:00:00.000Z,0,1,0,0,0,0.244,1037
2021-08-16T00:00:00.000Z,0,4,0,0,0,0.584,945
2021-08-17T00:00:00.000Z,0,4,0,0,1,1.159,973
2021-08-18T00:00:00.000Z,0,1,0,0,0,0.097,1047
2021-08-19T00:00:00.000Z,0,0,0,0,0,0,1038
2021-08-20T00:00:00.000Z,0,5,0,0,0,0.632,1085
2021-08-21T00:00:00.000Z,0,0,0,0,0,0,1120
2021-08-22T00:00:00.000Z,0,4,0,0,0,0.869,989
2021-08-23T00:00:00.000Z,0,2,0,0,0,0.461,1043
2021-08-24T00:00:00.000Z,0,4,0,0,1,1.144,1119
2021-08-25T00:00:00.000Z,0,1,0,0,0,0.334,94
2021-08-26T00:00:00.000Z,0,4,3,0,4,1.704,749
2021-08-27T00:00:00.000Z,0,4,2,1,3,1.416,1107
2021-08-28T00:00:00.000Z,1,7,4,3,4,0.896,1067
2021-08-29T00:00:00.000Z,1,4,4,3,4,0.568,1029
2021-08-30T00:00:00.000Z,0,4,3,2,4,0.858,1068
2021-08-31T00:00:00.000Z,0,4,1,0,3,1.503,1118
2021-09-01T00:00:00.000Z,0,4,1,0,2,1.116,1110
2021-09-02T00:00:00.000Z,0,17,2,0,4,1.956,1081
2021-09-03T00:00:00.000Z,0,3,0,0,1,0.901,1114
2021-09-04T00:00:00.000Z,0,4,0,0,0,1.02,1044
2021-09-05T00:00:00.000Z,0,3,0,0,0,0.351,796
2021-09-06T00:00:00.000Z,0,3,0,0,0,0.483,845
2021-09-07T00:00:00.000Z,0,1,0,0,0,0.256,199
2021-09-08T00:00:00.000Z,0,3,0,0,1,0.718,654
2021-09-09T00:00:00.000Z,0,4,4,3,4,1.343,1137
2021-09-10T00:00:00.000Z,0,5,3,3,4,1.06,1116
2021-09-11T00:00:00.000Z,1,9,4,4,4,0.963,1151
2021-09-12T00:00:00.000Z,0,8,3,2,4,1.651,1269
2021-09-13T00:00:00.000Z,0,4,0,0,0,0.72,1266
2021-09-14T00:00:00.000Z,0,3,0,0,0,0.446,1244
2021-09-15T00:00:00.000Z,0,4,0,0,0,0.609,1279
2021-09-16T00:00:00.000Z,0,4,0,0,1,0.98,1220
2021-09-17T00:00:00.000Z,0,4,3,1,4,1.506,1183
2021-09-18T00:00:00.000Z,0,1,0,0,0,0.349,1240
2021-09-19T00:00:00.000Z,0,4,1,0,2,1.112,1070
2021-09-20T00:00:00.000Z,0,4,1,1,3,1.342,1184
2021-09-21T00:00:00.000Z,0,4,1,0,1,1.257,1145
2021-09-22T00:00:00.000Z,0,4,0,0,1,1.02,1056
2021-09-23T00:00:00.000Z,0,3,0,0,0,0.487,1192
2021-09-24T00:00:00.000Z,0,4,0,0,1,1.048,1128
2021-09-25T00:00:00.000Z,0,3,0,0,0,0.561,1089
2021-09-26T00:00:00.000Z,0,4,0,0,0,1.004,973
2021-09-27T00:00:00.000Z,0,4,0,0,0,0.654,986
2021-09-28T00:00:00.000Z,0,4,1,0,2,1.398,1046
2021-09-29T00:00:00.000Z,0,4,4,3,4,1.008,1205
2021-09-30T00:00:00.000Z,0,5,3,2,4,1.399,1285
2021-10-01T00:00:00.000Z,0,1,0,0,0,0.247,1290
2021-10-02T00:00:00.000Z,0,8,3,1,4,2.623,1262
2021-10-03T00:00:00.000Z,3,13,8,8,8,1.743,1260
2021-10-04T00:00:00.000Z,3,8,6,4,8,1.805,1236
2021-10-05T00:00:00.000Z,0,6,1,0,4,1.797,1241
2021-10-06T00:00:00.000Z,0,5,0,0,4,1.927,1128
2021-10-07T00:00:00.000Z,0,2,0,0,1,0.598,1207
2021-10-08T00:00:00.000Z,0,4,0,0,2,1.381,1165
2021-10-09T00:00:00.000Z,0,4,2,1,3,1.453,1154
2021-10-10T00:00:00.000Z,1,8,4,3,4,1.743,1122
2021-10-11T00:00:00.000Z,0,8,2,0,5,2.718,1197
2021-10-12T00:00:00.000Z,0,3,0,0,0,0.668,1120
2021-10-13T00:00:00.000Z,0,3,0,0,0,0.215,1185
2021-10-14T00:00:00.000Z,0,4,0,0,1,1.237,1158
2021-10-15T00:00:00.000Z,0,4,0,0,0,0.858,1249
2021-10-16T00:00:00.000Z,0,3,0,0,0,0.928,1240
2021-10-17T00:00:00.000Z,0,4,0,0,0,0.56,887
2021-10-18T00:00:00.000Z,0,0,0,0,0,0,1001
2021-10-19T00:00:00.000Z,0,7,0,0,0,1.549,1262
2021-10-20T00:00:00.000Z,0,4,0,0,0,0.663,1165
2021-10-21T00:00:00.000Z,0,4,0,0,1,1.067,1204
2021-10-22T00:00:00.000Z,0,0,0,0,0,0,1257
2021-10-23T00:00:00.000Z,0,3,0,0,0,0.478,1140
2021-10-24T00:00:00.000Z,0,4,1,0,3,1.606,1214
2021-10-25T00:00:00.000Z,0,5,3,2,4,1.485,1203
2021-10-26T00:00:00.000Z,0,10,3,0,4,1.851,1170
2021-10-27T00:00:00.000Z,0,4,0,0,2,1.502,1221
2021-10-28T00:00:00.000Z,0,4,0,0,3,1.626,947
2021-10-29T00:00:00.000Z,3,11,5,4,8,2.28,1285
2021-10-30T00:00:00.000Z,4,18,11,8,14,3.302,1245
2021-10-31T00:00:00.000Z,3,20,8,4,14,4.924,1286
2021-11-01T00:00:00.000Z,3,21,9,8,13,3.766,1292
2021-11-02T00:00:00.000Z,8,22,14,11,17,3.596,1249
2021-11-03T00:00:00.000Z,2,22,13,9,16,4.724,1307
2021-11-04T00:00:00.000Z,0,4,1,0,3,1.431,1295
2021-11-05T00:00:00.000Z,0,4,0,0,0,0.724,1276
2021-11-06T00:00:00.000Z,0,3,0,0,0,0.534,1283
2021-11-07T00:00:00.000Z,0,3,0,0,0,0.298,1293
2021-11-08T00:00:00.000Z,0,8,0,0,0,0.623,985
2021-11-09T00:00:00.000Z,0,3,0,0,0,0.685,1192
2021-11-10T00:00:00.000Z,0,4,0,0,2,1.321,1284
2021-11-11T00:00:00.000Z,0,1,0,0,0,0.233,1266
2021-11-12T00:00:00.000Z,0,4,0,0,0,1.087,1232
2021-11-13T00:00:00.000Z,0,4,0,0,0,0.499,1272
2021-11-14T00:00:00.000Z,0,1,0,0,0,0.238,1143
2021-11-15T00:00:00.000Z,0,1,0,0,0,0.148,1199
2021-11-16T00:00:00.000Z,0,4,3,2,4,1.398,1198
2021-11-17T00:00:00.000Z,0,4,0,0,2,1.092,1288
2021-11-18T00:00:00.000Z,0,1,0,0,0,0.182,1248
2021-11-19T00:00:00.000Z,0,6,0,0,1,1.337,1303
2021-11-20T00:00:00.000Z,0,2,0,0,0,0.29,1265
2021-11-21T00:00:00.000Z,0,7,0,0,0,0.583,1285
2021-11-22T00:00:00.000Z,0,40,0,0,0,4.589,1227
2021-11-23T00:00:00.000Z,0,0,0,0,0,0,1215
2021-11-24T00:00:00.000Z,0,0,0,0,0,0,1254
2021-11-25T00:00:00.000Z,0,0,0,0,0,0,1244
2021-11-26T00:00:00.000Z,0,19,0,0,1,2.864,1275
2021-11-27T00:00:00.000Z,0,74,0,0,0,9.65,1245
2021-11-28T00:00:00.000Z,0,18,0,0,4,4.378,1253
2021-11-29T00:00:00.000Z,0,59,0,0,3,14.198,1237
2021-11-30T00:00:00.000Z,0,18,0,0,0,1.247,1237
2021-12-01T00:00:00.000Z,0,4,0,0,1,0.989,1254
2021-12-02T00:00:00.000Z,0,22,1,0,4,3.969,1265
2021-12-03T00:00:00.000Z,0,15,0,0,4,3.422,483
2021-12-04T00:00:00.000Z,0,4,2,1,3,1.182,1114
2021-12-05T00:00:00.000Z,0,1,0,0,0,0.219,1232
2021-12-06T00:00:00.000Z,0,25,1,0,4,3.931,1215
2021-12-07T00:00:00.000Z,0,13,3,1,4,2.418,1243
2021-12-08T00:00:00.000Z,0,5,0,0,2,1.361,1149
2021-12-09T00:00:00.000Z,0,5,0,0,1,0.946,1218
2021-12-10T00:00:00.000Z,0,5,0,0,3,1.577,1234
2021-12-11T00:00:00.000Z,0,9,0,0,3,2.013,1107
2021-12-12T00:00:00.000Z,2,19,4,3,4,2.049,1113
2021-12-13T00:00:00.000Z,0,5,3,3,4,1,1223
2021-12-14T00:00:00.000Z,0,2,0,0,0,0.483,1229
2021-12-15T00:00:00.000Z,0,5,0,0,0,0.714,1210
2021-12-16T00:00:00.000Z,0,1,0,0,0,0.204,1126
2021-12-17T00:00:00.000Z,0,24,0,0,2,2.616,1232
2021-12-18T00:00:00.000Z,0,4,0,0,0,0.474,1227
2021-12-19T00:00:00.000Z,0,1,0,0,0,0.141,1175
2021-12-20T00:00:00.000Z,0,110,0,0,0,12.425,1169
2021-12-21T00:00:00.000Z,0,8,0,0,0,1.319,1185
2021-12-22T00:00:00.000Z,0,8,3,0,4,1.795,1212
2021-12-23T00:00:00.000Z,0,7,0,0,0,0.909,1098
2021-12-24T00:00:00.000Z,0,8,0,0,0,1.268,1215
2021-12-25T00:00:00.000Z,0,8,0,0,0,1.231,1093
2021-12-26T00:00:00.000Z,0,9,0,0,1,1.42,1121
2021-12-27T00:00:00.000Z,0,16,0,0,3,2.712,1178
2021-12-28T00:00:00.000Z,0,12,4,3,4,1.882,1150
2021-12-29T00:00:00.000Z,3,8,5,4,8,1.758,1162
2021-12-30T00:00:00.000Z,0,8,4,2,4,2.53,1116
2021-12-31T00:00:00.000Z,0,4,0,0,0,0.844,1185
2022-01-01T00:00:00.000Z,0,4,0,0,1,1.211,1216
2022-01-02T00:00:00.000Z,0,5,0,0,0,0.787,1222
2022-01-03T00:00:00.000Z,0,7,0,0,0,0.782,1200
2022-01-04T00:00:00.000Z,0,3,0,0,0,0.566,994
2022-01-05T00:00:00.000Z,0,71,0,0,0,5.312,1172
2022-01-06T00:00:00.000Z,0,8,0,0,0,1.474,1232
2022-01-07T00:00:00.000Z,0,15,0,0,2,2.052,1240
2022-01-08T00:00:00.000Z,0,20,3,0,4,2.43,1154
2022-01-09T00:00:00.000Z,1,8,4,3,4,1,1173
2022-01-10T00:00:00.000Z,3,6,4,3,4,0.55,1197
2022-01-11T00:00:00.000Z,0,9,3,3,4,1.105,1220
2022-01-12T00:00:00.000Z,0,8,2,0,4,2.713,1278
2022-01-13T00:00:00.000Z,0,1,0,0,0,0.225,1252
2022-01-14T00:00:00.000Z,0,4,0,0,0,0.464,1139
2022-01-15T00:00:00.000Z,0,3,0,0,0,0.512,1249
2022-01-16T00:00:00.000Z,0,5,0,0,0,0.845,1255
2022-01-17T00:00:00.000Z,0,3,0,0,0,0.417,1279
2022-01-18T00:00:00.000Z,0,2,0,0,0,0.267,1253
2022-01-19T00:00:00.000Z,0,3,1,0,1,0.76,1291
2022-01-20T00:00:00.000Z,0,16,0,0,4,3.603,1219
2022-01-21T00:00:00.000Z,0,27,0,0,0,4.013,1114
2022-01-22T00:00:00.000Z,0,5,0,0,2,1.536,1161
2022-01-23T00:00:00.000Z,0,8,0,0,1,1.663,1271
2022-01-24T00:00:00.000Z,0,6,0,0,0,1.142,1314
2022-01-25T00:00:00.000Z,0,19,0,0,1,2.266,1292
2022-01-26T00:00:00.000Z,0,8,0,0,1,1.28,1306
2022-01-27T00:00:00.000Z,0,7,0,0,0,1.151,1297
2022-01-28T00:00:00.000Z,0,6,0,0,0,0.988,1308
2022-01-29T00:00:00.000Z,0,8,0,0,0,0.914,1303
2022-01-30T00:00:00.000Z,0,0,0,0,0,0,1306
2022-01-31T00:00:00.000Z,0,10,0,0,0,1.792,1302
2022-02-01T00:00:00.000Z,0,42,3,0,8,6.459,1250
2022-02-02T00:00:00.000Z,0,46,1,0,2,5.884,1282
2022-02-03T00:00:00.000Z,0,28,1,1,3,4.423,1271
2022-02-04T00:00:00.000Z,0,7,0,0,1,1.647,1293
2022-02-05T00:00:00.000Z,0,16,0,0,0,1.726,1313
2022-02-06T00:00:00.000Z,0,4,0,0,0,0.798,1298
2022-02-07T00:00:00.000Z,0,3,0,0,0,0.341,1296
2022-02-08T00:00:00.000Z,0,11,0,0,0,1.369,1294
2022-02-09T00:00:00.000Z,0,4,0,0,0,0.855,1277
2022-02-10T00:00:00.000Z,0,12,0,0,0,1.195,1259
2022-02-11T00:00:00.000Z,0,14,0,0,0,0.904,1277
2022-02-12T00:00:00.000Z,0,4,0,0,1,0.833,1242
2022-02-13T00:00:00.000Z,0,16,3,1,3,2.742,1255
2022-02-14T00:00:00.000Z,0,21,3,1,4,3.871,185
2022-02-15T00:00:00.000Z,0,17,3,1,5,3.551,131
2022-02-16T00:00:00.000Z,0,10,1,0,3,2.168,111
2022-02-17T00:00:00.000Z,0,3,0,0,0,0.701,98
2022-02-18T00:00:00.000Z,0,7,0,0,1,1.476,107
2022-02-19T00:00:00.000Z,0,3,0,0,0,0.665,101
2022-02-20T00:00:00.000Z,0,7,0,0,1,1.49,103
2022-02-21T00:00:00.000Z,0,0,0,0,0,0,93
2022-02-22T00:00:00.000Z,0,95,3,0,9,22.693,166
2022-02-23T00:00:00.000Z,0,4,1,0,2,1.265,111
2022-02-24T00:00:00.000Z,0,4,0,0,1,1.072,108
2022-02-25T00:00:00.000Z,0,32,0,0,1,4.797,118
2022-02-26T00:00:00.000Z,0,8,0,0,1.5,1.693,108
2022-02-27T00:00:00.000Z,0,12,0,0,1,2.553,113
2022-02-28T00:00:00.000Z,0,13,0,0,1,2.168,112
2022-03-01T00:00:00.000Z,0,9,4,1,4,2.418,113
2022-03-02T00:00:00.000Z,0,15,3,1,4,3.164,120
2022-03-03T00:00:00.000Z,0,0,0,0,0,0,92
2022-03-04T00:00:00.000Z,0,86,6,0,25,27.206,190
2022-03-05T00:00:00.000Z,0,5,0,0,1,0.867,106
2022-03-06T00:00:00.000Z,0,4,0,0,0,0.841,104
2022-03-07T00:00:00.000Z,0,7,0,0,0,1.202,100
2022-03-08T00:00:00.000Z,0,10,0,0,0,1.674,107
2022-03-09T00:00:00.000Z,0,14,0,0,2,3.164,111
2022-03-10T00:00:00.000Z,0,8,1,0,3,1.708,110
2022-03-11T00:00:00.000Z,0,6,3,2,4,1.436,116
2022-03-12T00:00:00.000Z,0,66,4,3,14,11.083,200
2022-03-13T00:00:00.000Z,0,29,4,3,8,7.02,154
2022-03-14T00:00:00.000Z,3,37,10,7,17,7.496,176
2022-03-15T00:00:00.000Z,7,77,15,10,24,13.47,203
2022-03-16T00:00:00.000Z,6,22,10.5,9,14,3.344,152
2022-03-17T00:00:00.000Z,3,20,8,8,10,3.434,121
2022-03-18T00:00:00.000Z,0,36,4,1,13,6.483,137
2022-03-19T00:00:00.000Z,0,27,1,0,5.5,6.395,137
2022-03-20T00:00:00.000Z,0,15,0,0,1.5,2.482,112
2022-03-21T00:00:00.000Z,0,25,8,7,12,5.323,140
2022-03-22T00:00:00.000Z,4,29,12,8,16,5.598,176
2022-03-23T00:00:00.000Z,1,17,6,4,8,3.38,130
2022-03-24T00:00:00.000Z,2,13,4,3,5,2.324,123
2022-03-25T00:00:00.000Z,0,14,4,3,6,2.481,120
2022-03-26T00:00:00.000Z,0,6,0,0,1,1.49,101
2022-03-27T00:00:00.000Z,0,55,1,0,3,12.548,132
2022-03-28T00:00:00.000Z,0,19,1,0,3,4.104,121
2022-03-29T00:00:00.000Z,0,35,0,0,9,10.349,138
2022-03-30T00:00:00.000Z,0,10,0,0,0.5,2.524,112
2022-03-31T00:00:00.000Z,0,28,0,0,3,6.074,120
2022-04-01T00:00:00.000Z,0,32,0,0,2,7.355,126
2022-04-02T00:00:00.000Z,0,40,1,0,5.5,7.162,144
2022-04-03T00:00:00.000Z,0,4,0,0,2,1.252,106
2022-04-04T00:00:00.000Z,0,1,0,0,0,0.201,95
2022-04-05T00:00:00.000Z,0,1,0,0,0,0.103,93
2022-04-06T00:00:00.000Z,0,14,0,0,0,3.067,103
2022-04-07T00:00:00.000Z,0,4,0,0,0,1.461,97
2022-04-08T00:00:00.000Z,0,53,2,0,25,16.068,160
2022-04-09T00:00:00.000Z,0,11,0,0,0,2.124,107
2022-04-10T00:00:00.000Z,0,5,0,0,1,1.224,108
2022-04-11T00:00:00.000Z,0,40,0,0,8,10.501,134
2022-04-12T00:00:00.000Z,0,40,0,0,3,11.521,132
2022-04-13T00:00:00.000Z,0,26,0,0,2,6.474,121
2022-04-14T00:00:00.000Z,0,28,4,3,7,6.694,134
2022-04-15T00:00:00.000Z,0,28,0,0,2,4.951,118
2022-04-16T00:00:00.000Z,0,8,0,0,0,1.874,111
2022-04-17T00:00:00.000Z,0,3,0,0,0,0.924,106
2022-04-18T00:00:00.000Z,0,25,0,0,2.5,6.047,121
2022-04-19T00:00:00.000Z,0,17,0,0,0,3.895,104
2022-04-20T00:00:00.000Z,0,4,0,0,1,1.107,104
2022-04-21T00:00:00.000Z,0,13,0,0,1,2.8,108
2022-04-22T00:00:00.000Z,0,8,0,0,0.5,1.605,105
2022-04-23T00:00:00.000Z,0,13,0,0,2,2.78,111
2022-04-24T00:00:00.000Z,0,25,2,1,4,6.269,144
2022-04-25T00:00:00.000Z,0,14,1,0,3,3.237,124
2022-04-26T00:00:00.000Z,0,13,0,0,2.5,3.674,124
2022-04-27T00:00:00.000Z,0,42,1,0,14,12.215,151
2022-04-28T00:00:00.000Z,0,49,0,0,3,6.585,120
2022-04-29T00:00:00.000Z,0,20,0,0,2,4.808,122
2022-04-30T00:00:00.000Z,0,13,0,0,3,3.005,113
2022-05-01T00:00:00.000Z,0,14,2,0,4,3.229,121
2022-05-02T00:00:00.000Z,0,8,0,0,1,2.054,109
2022-05-03T00:00:00.000Z,0,34,0,0,3,6.596,124
2022-05-04T00:00:00.000Z,0,11,0,0,0,1.857,104
2022-05-05T00:00:00.000Z,0,5,1,0,2,1.141,121
2022-05-06T00:00:00.000Z,0,43,1,0,4,7.277,133
2022-05-07T00:00:00.000Z,0,17,2,0,4,4.107,129
2022-05-08T00:00:00.000Z,0,15,0,0,2,3.331,118
2022-05-09T00:00:00.000Z,0,12,0,0,3,2.935,111
2022-05-10T00:00:00.000Z,0,4,2,0,3,1.548,111
2022-05-11T00:00:00.000Z,0,11,1,0,2,1.841,114
2022-05-12T00:00:00.000Z,0,4,0,0,1,1.148,103
2022-05-13T00:00:00.000Z,0,22,0,0,2,5.87,125
2022-05-14T00:00:00.000Z,0,33,0,0,1,6.663,118
2022-05-15T00:00:00.000Z,0,8,0,0,1,1.382,109
2022-05-16T00:00:00.000Z,0,4,0,0,1,1.408,104
2022-05-17T00:00:00.000Z,0,8,0,0,0,1.689,105
2022-05-18T00:00:00.000Z,0,4,0,0,0,0.873,97
2022-05-19T00:00:00.000Z,0,3,0,0,1,0.723,102
2022-05-20T00:00:00.000Z,0,14,3,1,4,2.527,124
2022-05-21T00:00:00.000Z,0,13,1,0,3,2.99,126
2022-05-22T00:00:00.000Z,0,19,1,1,3,3.151,128
2022-05-23T00:00:00.000Z,0,18,2,1,4,3.213,137
2022-05-24T00:00:00.000Z,0,16,2,1,3,2.441,129
2022-05-25T00:00:00.000Z,0,4,1,0,3,1.38,108
2022-05-26T00:00:00.000Z,0,78,0,0,4,19.827,128
2022-05-27T00:00:00.000Z,0,3,0,0,0,0.604,95
2022-05-28T00:00:00.000Z,0,10,0,0,1,1.714,108
2022-05-29T00:00:00.000Z,0,28,0,0,3,6.096,122
2022-05-30T00:00:00.000Z,0,4,0,0,0,0.771,95
2022-05-31T00:00:00.000Z,0,5,3,2,4,1.392,114
2022-06-01T00:00:00.000Z,0,5,0,0,1,1.03,102
2022-06-02T00:00:00.000Z,0,2,0,0,1,0.6,102
2022-06-03T00:00:00.000Z,0,4,3,0,4,1.669,104
2022-06-04T00:00:00.000Z,0,5,1,0,1,1.196,108
2022-06-05T00:00:00.000Z,0,6,0,0,1,1.142,109
2022-06-06T00:00:00.000Z,0,7,0,0,0,1.481,105
2022-06-07T00:00:00.000Z,0,4,0,0,1,1.117,104
2022-06-08T00:00:00.000Z,0,7,1,0,3,1.884,103
2022-06-09T00:00:00.000Z,0,4,0,0,1,0.833,104
2022-06-10T00:00:00.000Z,0,8,2,0,3,1.812,113
2022-06-11T00:00:00.000Z,0,6,1,0,2,1.416,117
2022-06-12T00:00:00.000Z,0,10,1,0,2,1.974,114
2022-06-13T00:00:00.000Z,0,4,0,0,1,0.914,106
2022-06-14T00:00:00.000Z,0,0,0,0,0,0,92
2022-06-15T00:00:00.000Z,0,0,0,0,0,0,92
2022-06-16T00:00:00.000Z,0,1,0,0,0,0.144,95
2022-06-17T00:00:00.000Z,0,1,0,0,0,0.308,85
2022-06-18T00:00:00.000Z,0,4,1,0,3,1.689,101
2022-06-19T00:00:00.000Z,0,2,0,0,0,0.3,94
2022-06-20T00:00:00.000Z,0,3,0,0,0,0.568,94
2022-06-21T00:00:00.000Z,0,15,0,0,2,3.354,115
2022-06-22T00:00:00.000Z,0,10,1,0,3,1.968,115
2022-06-23T00:00:00.000Z,0,4,0,0,1,0.858,104
2022-06-24T00:00:00.000Z,0,39,1,0,3,10.24,133
2022-06-25T00:00:00.000Z,0,26,3,2,4,4.518,140
2022-06-26T00:00:00.000Z,0,7,4,3,4,0.855,116
2022-06-27T00:00:00.000Z,3,20,4,3,4.5,3.459,128
2022-06-28T00:00:00.000Z,0,7,4,3,4,1.704,114
2022-06-29T00:00:00.000Z,0,8,3,2,4,1.489,111
2022-06-30T00:00:00.000Z,3,15,8,6,10,2.719,135
2022-07-01T00:00:00.000Z,3,7,4,4,4,0.84,117
2022-07-02T00:00:00.000Z,0,8,1,0,4,2.488,102
2022-07-03T00:00:00.000Z,0,1,0,0,0,0.176,94
2022-07-04T00:00:00.000Z,0,1,0,0,0,0.347,93
2022-07-05T00:00:00.000Z,0,1,0,0,0,0.146,92
2022-07-06T00:00:00.000Z,0,1,0,0,0,0.147,91
2022-07-07T00:00:00.000Z,0,1,0,0,0,0.178,61
2022-07-08T00:00:00.000Z,0,7,0,0,0,1.243,97
2022-07-09T00:00:00.000Z,0,2,0,0,0,0.358,95
2022-07-10T00:00:00.000Z,0,28,0,0,1,5.632,110
2022-07-11T00:00:00.000Z,0,1,0,0,0,0.145,93
2022-07-12T00:00:00.000Z,0,5,0,0,0,1.122,103
2022-07-13T00:00:00.000Z,0,5,0,0,2,1.398,109
2022-07-14T00:00:00.000Z,0,0,0,0,0,0,92
2022-07-15T00:00:00.000Z,0,149,0,0,44,38.389,140
2022-07-16T00:00:00.000Z,0,4,0,0,0,0.716,103
2022-07-17T00:00:00.000Z,0,2,0,0,0,0.375,98
2022-07-18T00:00:00.000Z,0,9,2,0,4,2.041,139
2022-07-19T00:00:00.000Z,0,6,1,0,3,1.685,117
2022-07-20T00:00:00.000Z,0,15,4,2,4,2.322,124
2022-07-21T00:00:00.000Z,2,9,4,3,5,1.582,134
2022-07-22T00:00:00.000Z,3,6,4,4,4,0.59,109
2022-07-23T00:00:00.000Z,0,5,0,0,1,1.355,111
2022-07-24T00:00:00.000Z,0,9,0,0,1,1.885,115
2022-07-25T00:00:00.000Z,0,10,3,1,4,2.114,128
2022-07-26T00:00:00.000Z,0,4,1,0,3,1.528,114
2022-07-27T00:00:00.000Z,0,29,0,0,2,7.593,121
2022-07-28T00:00:00.000Z,0,4,0,0,0,0.958,107
2022-07-29T00:00:00.000Z,0,5,0,0,0,0.975,108
2022-07-30T00:00:00.000Z,0,4,0,0,0,0.801,100
2022-07-31T00:00:00.000Z,0,8,0,0,1,1.544,111
2022-08-01T00:00:00.000Z,0,4,0,0,1,1.077,103
2022-08-02T00:00:00.000Z,0,4,0,0,0,0.837,99
2022-08-03T00:00:00.000Z,0,4,0,0,1,0.902,106
2022-08-04T00:00:00.000Z,0,6,1,0,3,1.768,118
2022-08-05T00:00:00.000Z,0,8,3,1.5,4,1.878,125
2022-08-06T00:00:00.000Z,0,5,0,0,1,1.2,116
2022-08-07T00:00:00.000Z,0,9,0,0,0,1.928,108
2022-08-08T00:00:00.000Z,0,4,1,0,2,1.433,111
2022-08-09T00:00:00.000Z,0,6,0,0,1,1.404,111
2022-08-10T00:00:00.000Z,0,7,0,0,1,1.547,109
2022-08-11T00:00:00.000Z,0,4,1,0,2,1.232,110
2022-08-12T00:00:00.000Z,0,8,1,0,2,1.709,115
2022-08-13T00:00:00.000Z,0,9,1,0,2,1.777,130
2022-08-14T00:00:00.000Z,0,5,0,0,1,1.328,106
2022-08-15T00:00:00.000Z,0,10,4,3,4.5,2.168,125
2022-08-16T00:00:00.000Z,3,11,6,4,8,1.926,130
2022-08-17T00:00:00.000Z,3,10,5,4,7,1.899,125
2022-08-18T00:00:00.000Z,3,9,4,4,5,1.237,123
2022-08-19T00:00:00.000Z,3,22,5,4,8,3.291,149
2022-08-20T00:00:00.000Z,0,14,4,3,4,2.682,116
2022-08-21T00:00:00.000Z,0,18,0,0,1,3.588,109
2022-08-22T00:00:00.000Z,0,5,0,0,2,1.483,116
2022-08-23T00:00:00.000Z,0,5,0,0,0,1.189,103
2022-08-24T00:00:00.000Z,0,2,0,0,0,0.331,96
2022-08-25T00:00:00.000Z,0,0,0,0,0,0,90
2022-08-26T00:00:00.000Z,0,2,0,0,0,0.303,95
2022-08-27T00:00:00.000Z,0,0,0,0,0,0,94
2022-08-28T00:00:00.000Z,0,0,0,0,0,0,91
2022-08-29T00:00:00.000Z,0,0,0,0,0,0,95
2022-08-30T00:00:00.000Z,0,0,0,0,0,0,94
2022-08-31T00:00:00.000Z,0,3,0,0,0,0.447,97
2022-09-01T00:00:00.000Z,0,2,0,0,0,0.411,99
2022-09-02T00:00:00.000Z,0,3,0,0,0,0.56,97
2022-09-03T00:00:00.000Z,0,2,0,0,0,0.318,95
2022-09-04T00:00:00.000Z,0,3,0,0,0,0.724,100
2022-09-05T00:00:00.000Z,0,3,0,0,0,0.541,98
2022-09-06T00:00:00.000Z,0,2,0,0,0,0.302,96
2022-09-07T00:00:00.000Z,0,3,0,0,0,0.554,98
2022-09-08T00:00:00.000Z,0,3,0,0,0,0.618,100
2022-09-09T00:00:00.000Z,0,3,0,0,0,0.697,98
2022-09-10T00:00:00.000Z,0,0,0,0,0,0,95
2022-09-11T00:00:00.000Z,0,3,0,0,0,0.449,98
2022-09-12T00:00:00.000Z,0,2,0,0,0,0.32,91
2022-09-13T00:00:00.000Z,0,0,0,0,0,0,94
2022-09-14T00:00:00.000Z,0,0,0,0,0,0,94
2022-09-15T00:00:00.000Z,0,3,0,0,0,0.683,100
2022-09-16T00:00:00.000Z,0,0,0,0,0,0,95
2022-09-17T00:00:00.000Z,0,3,0,0,0,0.478,97
2022-09-18T00:00:00.000Z,0,3,0,0,0,0.621,95
2022-09-19T00:00:00.000Z,0,2,0,0,0,0.468,87
2022-09-20T00:00:00.000Z,0,1,0,0,0,0.331,16
2022-09-21T00:00:00.000Z,0,2,0,0,0,0.39,62
2022-09-22T00:00:00.000Z,0,3,0,0,0,0.663,98
2022-09-23T00:00:00.000Z,0,3,0,0,0,0.734,103
2022-09-24T00:00:00.000Z,0,2,0,0,0,0.345,95
2022-09-25T00:00:00.000Z,0,3,0,0,2,1.088,103
2022-09-26T00:00:00.000Z,0,0,0,0,0,0,94
2022-09-27T00:00:00.000Z,0,0,0,0,0,0,93
2022-09-28T00:00:00.000Z,0,3,0,0,0,0.759,100
2022-09-29T00:00:00.000Z,0,3,0,0,1,0.789,101
2022-09-30T00:00:00.000Z,0,3,0,0,0,0.701,98
2022-10-01T00:00:00.000Z,0,3,0,0,0,0.458,98
2022-10-02T00:00:00.000Z,0,3,0,0,0,0.889,99
2022-10-03T00:00:00.000Z,0,3,0,0,0.5,0.877,100
2022-10-04T00:00:00.000Z,0,2,0,0,0,0.317,96
2022-10-05T00:00:00.000Z,0,0,0,0,0,0,95
2022-10-06T00:00:00.000Z,0,0,0,0,0,0,95
2022-10-07T00:00:00.000Z,0,0,0,0,0,0,93
2022-10-08T00:00:00.000Z,0,2,0,0,0,0.31,97
2022-10-09T00:00:00.000Z,0,3,0,0,1,0.949,101
2022-10-10T00:00:00.000Z,0,2,0,0,0,0.381,77
2022-10-11T00:00:00.000Z,0,3,0,0,1,0.874,101
2022-10-12T00:00:00.000Z,0,2,0,0,0,0.477,100
2022-10-13T00:00:00.000Z,0,3,0,0,0,0.537,97
2022-10-14T00:00:00.000Z,0,3,0,0,0,0.891,101
2022-10-15T00:00:00.000Z,0,3,0,0,0,0.894,100
2022-10-16T00:00:00.000Z,0,3,0,0,0,0.524,100
2022-10-17T00:00:00.000Z,0,3,0,0,0,0.791,97
2022-10-18T00:00:00.000Z,0,3,0,0,1,0.815,76
2022-10-21T00:00:00.000Z,0,3,0,0,0,0.873,99
2022-10-22T00:00:00.000Z,0,3,0,0,1,0.944,104
2022-10-23T00:00:00.000Z,0,0,0,0,0,0,95
2022-10-24T00:00:00.000Z,0,3,0,0,1,0.909,108
2022-10-25T00:00:00.000Z,0,3,0,0,0,0.71,96
2022-10-26T00:00:00.000Z,0,3,1,0,2,1.142,108
2022-10-27T00:00:00.000Z,0,3,0,0,0,0.891,100
2022-10-28T00:00:00.000Z,0,0,0,0,0,0,95
2022-10-29T00:00:00.000Z,0,3,0,0,0,0.51,96
2022-10-30T00:00:00.000Z,0,2,0,0,0,0.302,96
2022-10-31T00:00:00.000Z,0,4,1,0,2,1.312,113
2022-11-01T00:00:00.000Z,0,7,2,0,3,1.696,115
2022-11-02T00:00:00.000Z,0,4,2,1,3,1.371,128
2022-11-03T00:00:00.000Z,0,4,0,0,3,1.535,103
2022-11-04T00:00:00.000Z,0,7,0,0,2,1.615,113
2022-11-05T00:00:00.000Z,0,13,3,2,4,2.115,119
2022-11-06T00:00:00.000Z,0,6,2,0,4,1.75,116
2022-11-07T00:00:00.000Z,0,4,2,1,3,1.346,112
2022-11-08T00:00:00.000Z,0,5,2,0,3,1.455,122
2022-11-09T00:00:00.000Z,0,5,1,0,3,1.508,115
2022-11-10T00:00:00.000Z,0,8,3,0,4,1.929,110
2022-11-11T00:00:00.000Z,0,3,0,0,0,0.762,100
2022-11-12T00:00:00.000Z,0,7,1,0,2,1.543,123
2022-11-13T00:00:00.000Z,0,7,0,0,1,1.583,107
2022-11-14T00:00:00.000Z,0,4,0,0,2,1.276,105
2022-11-15T00:00:00.000Z,0,0,0,0,0,0,93
2022-11-16T00:00:00.000Z,0,0,0,0,0,0,94
2022-11-17T00:00:00.000Z,0,3,0,0,0,0.435,96
2022-11-18T00:00:00.000Z,0,0,0,0,0,0,95
2022-11-19T00:00:00.000Z,0,3,0,0,0,0.593,102
2022-11-20T00:00:00.000Z,0,3,0,0,0,0.639,98
2022-11-21T00:00:00.000Z,0,4,3,2,4,1.364,105
2022-11-22T00:00:00.000Z,0,11,4,3,4,1.634,119
2022-11-23T00:00:00.000Z,0,9,2,0,3,1.993,113
2022-11-24T00:00:00.000Z,0,18,1,0,4,4.137,148
2022-11-25T00:00:00.000Z,0,8,2,0,3,1.727,114
2022-11-26T00:00:00.000Z,0,8,3,2,4,1.359,119
2022-11-27T00:00:00.000Z,0,9,3,1,4,1.743,120
2022-11-28T00:00:00.000Z,0,13,3,2,4,2.602,135
2022-11-29T00:00:00.000Z,0,13,3,1,4,2.409,133
2022-11-30T00:00:00.000Z,0,11,2,1,4,2.409,133
2022-12-01T00:00:00.000Z,0,8,3,2,4,1.516,97
2022-12-02T00:00:00.000Z,1,8,6,4,8,1.968,117
2022-12-03T00:00:00.000Z,1,7,4,3,4,0.711,115
2022-12-04T00:00:00.000Z,0,4,2,1,3,1.175,121
2022-12-05T00:00:00.000Z,0,8,3,2,4,1.79,120
2022-12-06T00:00:00.000Z,0,76,4,1,14,14.031,183
2022-12-07T00:00:00.000Z,0,8,0,0,2,1.727,106
2022-12-08T00:00:00.000Z,0,11,1,0,4,2.59,118
2022-12-09T00:00:00.000Z,0,191,4,2,40,50.252,211
2022-12-10T00:00:00.000Z,0,61,4,1,15.5,14.556,185
2022-12-11T00:00:00.000Z,0,10,2,1,3,2.025,126
2022-12-12T00:00:00.000Z,0,21,3,2,11,5.996,135
2022-12-13T00:00:00.000Z,0,5,0,0,1,1.296,110
2022-12-14T00:00:00.000Z,0,4,0,0,1,1.152,111
2022-12-15T00:00:00.000Z,0,11,4,1,4,2.516,115
2022-12-16T00:00:00.000Z,0,19,4,3,8,4.12,135
2022-12-17T00:00:00.000Z,0,33,3,0,4,8.5,132
2022-12-18T00:00:00.000Z,0,6,3,0,4,1.706,112
2022-12-19T00:00:00.000Z,0,14,5,3.5,7.5,3.118,132
2022-12-20T00:00:00.000Z,0,8,3,1,4,1.967,116
2022-12-21T00:00:00.000Z,0,4,0,0,2,1.16,104
2022-12-22T00:00:00.000Z,0,9,1,0,3,1.92,117
2022-12-23T00:00:00.000Z,0,79,1,0,6,23.732,145
2022-12-24T00:00:00.000Z,0,6,0.5,0,3,1.771,106
2022-12-25T00:00:00.000Z,0,71,24.5,7,40,19.789,298
2022-12-26T00:00:00.000Z,0,8,3,2,4,2.122,121
2022-12-27T00:00:00.000Z,0,4,0,0,0,1.083,106
2022-12-28T00:00:00.000Z,0,16,1,0,3,3.407,120
2022-12-29T00:00:00.000Z,0,6,0,0,0,1.361,105
2022-12-30T00:00:00.000Z,0,7,0,0,0,1.291,103
2022-12-31T00:00:00.000Z,0,8,1,0,2,1.506,117
2023-01-01T00:00:00.000Z,0,77,3,0,19,21.937,170
2023-01-02T00:00:00.000Z,0,14,1,0,3.5,3.312,125
2023-01-03T00:00:00.000Z,0,184,2,0,48,60.503,174
2023-01-04T00:00:00.000Z,0,78,0,0,3,14.547,124
2023-01-05T00:00:00.000Z,0,164,3,1,28.5,51.269,176
2023-01-06T00:00:00.000Z,0,5,1,0,4,1.799,110
2023-01-07T00:00:00.000Z,2,11,4,3,6,1.872,122
2023-01-08T00:00:00.000Z,0,16,4,3,8.5,4.222,125
2023-01-09T00:00:00.000Z,0,16,4,2,7,3.537,130
2023-01-10T00:00:00.000Z,0,5,1,0,2,1.36,119
2023-01-11T00:00:00.000Z,0,3,0,0,1,0.855,104
2023-01-12T00:00:00.000Z,0,13,0,0,3,2.974,113
2023-01-13T00:00:00.000Z,0,4,0,0,2,1.196,110
2023-01-14T00:00:00.000Z,0,6,0,0,2,1.534,105
2023-01-15T00:00:00.000Z,0,5,0,0,2,1.549,105
2023-01-16T00:00:00.000Z,0,4,0,0,1,1.175,101
2023-01-17T00:00:00.000Z,0,10,1,0,3.5,2.301,109
2023-01-18T00:00:00.000Z,0,13,0,0,3,3,115
2023-01-19T00:00:00.000Z,0,76,4,0,30.5,22.119,161
2023-01-20T00:00:00.000Z,0,10,3,3,4,1.885,121
2023-01-21T00:00:00.000Z,0,6,3,3,4,1.088,111
2023-01-22T00:00:00.000Z,2,12,4,4,5,2.025,114
2023-01-23T00:00:00.000Z,1,13,4,3,4,1.857,119
2023-01-24T00:00:00.000Z,0,5,2,1,4,1.55,115
2023-01-25T00:00:00.000Z,0,2,0,0,0,0.354,97
2023-01-26T00:00:00.000Z,0,9,0,0,0.5,1.639,104
2023-01-27T00:00:00.000Z,0,17,1,0,3,3.041,133
2023-01-28T00:00:00.000Z,0,3,0,0,0,0.763,103
2023-01-29T00:00:00.000Z,0,3,0,0,0,0.738,107
2023-01-30T00:00:00.000Z,0,3,0,0,0,0.67,98
2023-01-31T00:00:00.000Z,0,68,0,0,4,14.131,138
2023-02-01T00:00:00.000Z,0,47,0,0,2,12.972,116
2023-02-02T00:00:00.000Z,0,30,0,0,4,7.265,131
2023-02-03T00:00:00.000Z,0,155,13,1,61,36.377,215
2023-02-04T00:00:00.000Z,0,12,2.5,0,5,3.301,132
2023-02-05T00:00:00.000Z,0,6,0,0,1,1.471,114
2023-02-06T00:00:00.000Z,0,24,3,0,8,6.586,148
2023-02-07T00:00:00.000Z,0,8,2,1,3,1.529,130
2023-02-08T00:00:00.000Z,0,5,3,2,4,1.334,120
2023-02-09T00:00:00.000Z,0,8,4,3,5.5,2.04,120
2023-02-10T00:00:00.000Z,0,17,0,0,1,2.707,110
2023-02-11T00:00:00.000Z,0,11,0,0,3,2.551,122
2023-02-12T00:00:00.000Z,0,9,1,0,2,1.951,126
2023-02-13T00:00:00.000Z,0,7,0,0,2,1.608,116
2023-02-14T00:00:00.000Z,0,9,0,0,3,2.085,109
2023-02-15T00:00:00.000Z,0,8,4,3,4,1.134,114
2023-02-16T00:00:00.000Z,3,16,8,5,9,3.16,142
2023-02-17T00:00:00.000Z,0,15,4,3,5,2.915,130
2023-02-18T00:00:00.000Z,0,1,0,0,0,0.223,95
2023-02-19T00:00:00.000Z,0,3,0,0,0,0.794,105
2023-02-20T00:00:00.000Z,0,5,0,0,0,1.006,103
2023-02-21T00:00:00.000Z,0,6,2,0,4,1.714,112
2023-02-22T00:00:00.000Z,0,5,3,1.5,4,1.377,113
2023-02-23T00:00:00.000Z,0,4,1,0,1,1.108,108
2023-02-24T00:00:00.000Z,0,3,0,0,0,0.528,98
2023-02-25T00:00:00.000Z,0,46,0,0,4,11.093,129
2023-02-26T00:00:00.000Z,0,38,4,0,8,10.035,157
2023-02-27T00:00:00.000Z,0,32,0,0,2,6.71,122
2023-02-28T00:00:00.000Z,0,4,0,0,0,1.162,107
2023-03-01T00:00:00.000Z,0,3,0,0,0,0.845,105
2023-03-02T00:00:00.000Z,0,6,0,0,1,1.402,108
2023-03-03T00:00:00.000Z,0,10,0,0,1,1.878,109
2023-03-04T00:00:00.000Z,0,25,0,0,4,6.389,127
2023-03-05T00:00:00.000Z,0,56,3,0,20.5,15.481,156
2023-03-06T00:00:00.000Z,0,18,0,0,2,3.976,118
2023-03-07T00:00:00.000Z,0,20,0,0,2,4.609,121
2023-03-08T00:00:00.000Z,0,56,0,0,6,11.086,132
2023-03-09T00:00:00.000Z,0,8,0,0,3,2.213,126
2023-03-10T00:00:00.000Z,0,114,3,0,17,21.889,172
2023-03-11T00:00:00.000Z,0,18,1,0,2,3.356,120
2023-03-12T00:00:00.000Z,0,4,0,0,1,1.124,106
2023-03-13T00:00:00.000Z,0,81,0,0,1,12.638,116
2023-03-14T00:00:00.000Z,0,4,0,0,0,0.854,98
2023-03-15T00:00:00.000Z,0,4,0,0,0,0.875,103
2023-03-16T00:00:00.000Z,0,14,1,0,4,3.592,120
2023-03-17T00:00:00.000Z,0,14,2,0,4,2.886,126
2023-03-18T00:00:00.000Z,3,22,8,7,8,3.658,135
2023-03-19T00:00:00.000Z,0,5,3,2,4,1.512,110
2023-03-20T00:00:00.000Z,0,8,0,0,3,2.375,103
2023-03-21T00:00:00.000Z,0,7,0,0,1,1.622,116
2023-03-22T00:00:00.000Z,0,4,1,0,3,1.492,102
2023-03-23T00:00:00.000Z,0,7,1,1,2,1.442,116
2023-03-24T00:00:00.000Z,0,5,1,0,2,1.46,111
2023-03-25T00:00:00.000Z,0,1,0,0,0,0.202,94
2023-03-26T00:00:00.000Z,0,0,0,0,0,0,93
2023-03-27T00:00:00.000Z,0,8,1,0,4,2.292,108
2023-03-28T00:00:00.000Z,0,19,1,0,5.5,5.427,120
2023-03-29T00:00:00.000Z,0,54,0,0,2,15.592,124
2023-03-30T00:00:00.000Z,0,26,0,0,0,6.114,107
2023-03-31T00:00:00.000Z,0,21,0,0,0,5.614,104
2023-04-01T00:00:00.000Z,0,3,0,0,0,0.671,99
2023-04-02T00:00:00.000Z,0,84,7,0,20,25.205,187
2023-04-03T00:00:00.000Z,0,23,0,0,7,5.703,127
2023-04-04T00:00:00.000Z,0,56,0,0,4,11.718,131
2023-04-05T00:00:00.000Z,0,35,1,0,7,10.653,124
2023-04-06T00:00:00.000Z,0,22,0,0,1,5.045,113
2023-04-07T00:00:00.000Z,0,11,1,0,3,2.465,103
2023-04-08T00:00:00.000Z,0,8,0,0,2,1.947,118
2023-04-09T00:00:00.000Z,0,20,0,0,2,3.829,115
2023-04-10T00:00:00.000Z,0,8,2,0,3,1.608,115
2023-04-11T00:00:00.000Z,0,11,2,1,4,1.931,107
2023-04-12T00:00:00.000Z,1,103,5,4,21.5,27.111,164
2023-04-13T00:00:00.000Z,2,8,4,3,4,0.964,105
2023-04-14T00:00:00.000Z,0,4,3,2,3,0.944,125
2023-04-15T00:00:00.000Z,0,5,2,1,3,1.273,118
2023-04-16T00:00:00.000Z,0,4,3,2,4,1.204,115
2023-04-17T00:00:00.000Z,0,4,2,1,3,1.096,113
2023-04-18T00:00:00.000Z,0,16,0,0,1,3.252,117
2023-04-19T00:00:00.000Z,0,4,0,0,0,0.652,94
2023-04-20T00:00:00.000Z,0,3,0,0,0,0.777,98
2023-04-21T00:00:00.000Z,0,8,0,0,1,1.689,105
2023-04-22T00:00:00.000Z,0,3,0,0,0,0.562,95
2023-04-23T00:00:00.000Z,0,9,1,0,4,2.538,98
2023-04-24T00:00:00.000Z,0,4,2,0,3,1.383,113
2023-04-25T00:00:00.000Z,0,7,3,1,4,1.87,113
2023-04-26T00:00:00.000Z,0,4,0,0,3,1.601,104
2023-04-27T00:00:00.000Z,0,3,0,0,0,0.667,98
2023-04-28T00:00:00.000Z,0,5,0,0,1,1.172,107
2023-04-29T00:00:00.000Z,0,24,0,0,2,5.946,122
2023-04-30T00:00:00.000Z,0,4,0,0,2,1.471,107
2023-05-01T00:00:00.000Z,0,4,1,0,3,1.496,110
2023-05-02T00:00:00.000Z,0,4,0,0,0,0.642,95
2023-05-03T00:00:00.000Z,0,54,0,0,2,11.653,114
2023-05-04T00:00:00.000Z,0,11,0,0,3,2.366,106
2023-05-05T00:00:00.000Z,0,5,0,0,0,0.926,101
2023-05-06T00:00:00.000Z,0,12,0,0,0,2.494,104
2023-05-07T00:00:00.000Z,0,4,0,0,0,0.902,100
2023-05-08T00:00:00.000Z,0,4,1,0,1.5,1.085,108
2023-05-09T00:00:00.000Z,0,4,3,2,4,1.251,114
2023-05-10T00:00:00.000Z,0,4,3,2,4,1.097,110
2023-05-11T00:00:00.000Z,0,4,3,2,3,1.033,115
2023-05-12T00:00:00.000Z,0,4,2,2,3,1.043,130
2023-05-13T00:00:00.000Z,0,4,3,3,4,0.856,113
2023-05-14T00:00:00.000Z,0,9,4,3,4,1.098,112
2023-05-15T00:00:00.000Z,1,4,4,3,4,0.779,114
2023-05-16T00:00:00.000Z,0,4,3,1,4,1.493,106
2023-05-17T00:00:00.000Z,0,4,1,0,3,1.629,102
2023-05-18T00:00:00.000Z,0,16,0,0,1,3.111,113
2023-05-19T00:00:00.000Z,0,3,0,0,0,0.837,99
2023-05-20T00:00:00.000Z,0,4,0,0,0.5,0.929,104
2023-05-21T00:00:00.000Z,0,4,0,0,1,1.056,99
2023-05-22T00:00:00.000Z,0,4,0,0,1,0.916,102
2023-05-23T00:00:00.000Z,0,4,1,0,1,0.87,108
2023-05-24T00:00:00.000Z,0,4,3,2,3,1.024,120
2023-05-25T00:00:00.000Z,0,3,0,0,1,0.847,98
2023-05-26T00:00:00.000Z,0,4,0,0,0,0.861,100
2023-05-27T00:00:00.000Z,0,4,0,0,0,1.191,88
2023-05-28T00:00:00.000Z,0,4,0,0,2,1.213,110
2023-05-29T00:00:00.000Z,0,3,0,0,0,0.679,97
2023-05-30T00:00:00.000Z,0,3,0,0,0,0.58,97
2023-05-31T00:00:00.000Z,0,0,0,0,0,0,86
2023-06-01T00:00:00.000Z,0,6,0,0,0,0.998,101
2023-06-02T00:00:00.000Z,0,5,0,0,1,1.281,106
2023-06-03T00:00:00.000Z,0,15,0,0,3,3.128,119
2023-06-04T00:00:00.000Z,0,3,0,0,0,0.545,99
2023-06-05T00:00:00.000Z,0,5,0,0,1,1.134,105
2023-06-06T00:00:00.000Z,0,8,1,0,2,1.68,114
2023-06-07T00:00:00.000Z,0,4,0,0,0,1.178,106
2023-06-08T00:00:00.000Z,0,16,0,0,2,2.985,113
2023-06-09T00:00:00.000Z,0,37,0,0,10.5,7.006,133
2023-06-10T00:00:00.000Z,0,17,0,0,3,3.477,119
2023-06-11T00:00:00.000Z,0,4,0,0,1,1.272,108
2023-06-12T00:00:00.000Z,0,7,0,0,2,1.757,112
2023-06-13T00:00:00.000Z,0,9,3,1,4,1.87,117
2023-06-14T00:00:00.000Z,0,21,3.5,3,4,4.252,130
2023-06-15T00:00:00.000Z,0,12,4,3,4,1.651,116
2023-06-16T00:00:00.000Z,3,15,4,3,5,2.737,133
2023-06-17T00:00:00.000Z,3,10,4,4,5,1.423,125
2023-06-18T00:00:00.000Z,3,16,4,4,7,2.619,130
2023-06-19T00:00:00.000Z,3,11,5,4,7,1.932,138
2023-06-20T00:00:00.000Z,3,9,4,4,4,1.394,123
2023-06-21T00:00:00.000Z,3,13,4,4,5,1.922,126
2023-06-22T00:00:00.000Z,0,8,4,3,5,1.755,126
2023-06-23T00:00:00.000Z,0,13,3,3,4,2.258,118
2023-06-24T00:00:00.000Z,0,126,1,0,3,30.517,140
2023-06-25T00:00:00.000Z,0,9,2,1,3,1.673,128
2023-06-26T00:00:00.000Z,0,4,1,1,3,1.226,117
2023-06-27T00:00:00.000Z,0,15,3,2,4,2.636,130
2023-06-28T00:00:00.000Z,3,12,4,4,4,1.493,110
2023-06-29T00:00:00.000Z,0,12,3,3,4,2.191,119
2023-06-30T00:00:00.000Z,0,12,2,1,3.5,2.27,125
2023-07-01T00:00:00.000Z,0,8,3,1,4,1.967,126
2023-07-02T00:00:00.000Z,0,6,1.5,0,3,1.611,116
2023-07-03T00:00:00.000Z,0,6,0,0,1,1.333,112
2023-07-04T00:00:00.000Z,0,5,0,0,1,1.125,112
2023-07-05T00:00:00.000Z,0,7,1,0,3,1.562,120
2023-07-06T00:00:00.000Z,0,7,0,0,2,1.678,118
2023-07-07T00:00:00.000Z,0,69,1,0,4,16.814,143
2023-07-08T00:00:00.000Z,0,6,1.5,0.5,3,1.546,112
2023-07-09T00:00:00.000Z,0,10,1,0,3,2.001,126
2023-07-10T00:00:00.000Z,0,5,0,0,1,1.236,114
2023-07-11T00:00:00.000Z,0,5,1,0,2,1.294,126
2023-07-12T00:00:00.000Z,0,6,2,1,3,1.224,127
2023-07-13T00:00:00.000Z,0,10,0,0,2,1.916,118
2023-07-14T00:00:00.000Z,0,90,1,0,5,20.054,146
2023-07-15T00:00:00.000Z,0,20,0,0,3,3.538,127
2023-07-16T00:00:00.000Z,0,4,1,0,2,1.365,106
2023-07-17T00:00:00.000Z,0,6,1,0,2,1.346,111
2023-07-18T00:00:00.000Z,0,4,0,0,0,0.839,106
2023-07-19T00:00:00.000Z,0,4,0,0,1,1.115,104
2023-07-20T00:00:00.000Z,0,3,0,0,0,0.616,89
2023-07-21T00:00:00.000Z,0,3,0,0,0,0.649,103
2023-07-22T00:00:00.000Z,0,10,0,0,2,2.11,108
2023-07-23T00:00:00.000Z,0,7,0,0,0,1.408,98
2023-07-24T00:00:00.000Z,0,5,0,0,1,1.154,94
2023-07-25T00:00:00.000Z,0,6,2,0,3,1.776,119
2023-07-26T00:00:00.000Z,0,4,0,0,0,1.096,103
2023-07-27T00:00:00.000Z,0,7,0,0,1,1.486,106
2023-07-28T00:00:00.000Z,0,4,0,0,0,0.901,105
2023-07-29T00:00:00.000Z,0,4,0,0,0,1.07,96
2023-07-30T00:00:00.000Z,0,8,1,0,3,1.752,117
2023-07-31T00:00:00.000Z,0,8,0,0,1,1.464,105
2023-08-01T00:00:00.000Z,0,4,0,0,0,0.676,100
2023-08-02T00:00:00.000Z,0,4,0,0,1,1.04,108
2023-08-03T00:00:00.000Z,0,4,1,0,2,1.273,109
2023-08-04T00:00:00.000Z,0,4,0,0,1,1.06,102
2023-08-05T00:00:00.000Z,0,8,1,0,2,1.526,113
2023-08-06T00:00:00.000Z,0,4,2,0,4,1.702,109
2023-08-07T00:00:00.000Z,0,14,6,4,8,3.29,131
2023-08-08T00:00:00.000Z,0,14,0,0,2,2.859,118
2023-08-09T00:00:00.000Z,0,4,0,0,0,0.698,100
2023-08-10T00:00:00.000Z,0,8,0,0,0,1.542,106
2023-08-11T00:00:00.000Z,0,9,0,0,2,2.199,118
2023-08-12T00:00:00.000Z,0,8,0,0,1,1.503,107
2023-08-13T00:00:00.000Z,0,4,0,0,0,1.252,78
2023-08-14T00:00:00.000Z,0,8,1,0,3,1.948,72
2023-08-15T00:00:00.000Z,0,20,2,0,3,4.009,130
2023-08-16T00:00:00.000Z,0,4,2,0,3,1.597,107
2023-08-17T00:00:00.000Z,0,8,0,0,1,1.634,112
2023-08-18T00:00:00.000Z,0,4,0,0,2,1.233,108
2023-08-19T00:00:00.000Z,0,5,1,1,2,1.039,123
2023-08-20T00:00:00.000Z,0,4,1,0,3,1.488,110
2023-08-21T00:00:00.000Z,0,5,1,0,3,1.425,121
2023-08-22T00:00:00.000Z,0,6,1,0,2,1.363,116
2023-08-23T00:00:00.000Z,0,0,0,0,0,0,94
2023-08-24T00:00:00.000Z,0,0,0,0,0,0,94
2023-08-25T00:00:00.000Z,0,0,0,0,0,0,94
2023-08-26T00:00:00.000Z,0,0,0,0,0,0,93
2023-08-27T00:00:00.000Z,0,0,0,0,0,0,94
2023-08-28T00:00:00.000Z,0,0,0,0,0,0,89
2023-08-29T00:00:00.000Z,0,1,0,0,0,0.144,94
2023-08-30T00:00:00.000Z,0,0,0,0,0,0,92
2023-08-31T00:00:00.000Z,0,0,0,0,0,0,85
2023-09-01T00:00:00.000Z,0,0,0,0,0,0,83
2023-09-02T00:00:00.000Z,0,0,0,0,0,0,73
2023-09-03T00:00:00.000Z,0,3,0,0,0,0.655,96
2023-09-04T00:00:00.000Z,0,0,0,0,0,0,94
2023-09-05T00:00:00.000Z,0,0,0,0,0,0,94
2023-09-06T00:00:00.000Z,0,0,0,0,0,0,94
2023-09-07T00:00:00.000Z,0,0,0,0,0,0,93
2023-09-08T00:00:00.000Z,0,0,0,0,0,0,94
2023-09-09T00:00:00.000Z,0,0,0,0,0,0,94
2023-09-10T00:00:00.000Z,0,0,0,0,0,0,93
2023-09-11T00:00:00.000Z,0,1,0,0,0,0.144,94
2023-09-12T00:00:00.000Z,0,1,0,0,0,0.147,91
2023-09-13T00:00:00.000Z,0,0,0,0,0,0,90
2023-09-14T00:00:00.000Z,0,3,0,0,0,0.769,91
2023-09-15T00:00:00.000Z,0,3,0,0,0,0.638,98
2023-09-16T00:00:00.000Z,0,0,0,0,0,0,93
2023-09-17T00:00:00.000Z,0,28,0,0,0,8.019,114
2023-09-18T00:00:00.000Z,0,0,0,0,0,0,94
2023-09-19T00:00:00.000Z,0,0,0,0,0,0,92
2023-09-20T00:00:00.000Z,0,0,0,0,0,0,89
2023-09-21T00:00:00.000Z,0,0,0,0,0,0,94
2023-09-22T00:00:00.000Z,0,0,0,0,0,0,93
2023-09-23T00:00:00.000Z,0,0,0,0,0,0,88
2023-09-24T00:00:00.000Z,0,3,0,0,0,0.781,96
2023-09-25T00:00:00.000Z,0,3,0,0,0,0.75,93
2023-09-26T00:00:00.000Z,0,0,0,0,0,0,91
2023-09-27T00:00:00.000Z,0,5,0,0,0,0.802,92
2023-09-28T00:00:00.000Z,0,0,0,0,0,0,63
2023-09-29T00:00:00.000Z,0,0,0,0,0,0,91
2023-09-30T00:00:00.000Z,0,0,0,0,0,0,91
2023-10-01T00:00:00.000Z,0,3,0,0,0,0.706,79
2023-10-02T00:00:00.000Z,0,3,0,0,0.5,0.886,97
2023-10-03T00:00:00.000Z,0,0,0,0,0,0,94
2023-10-04T00:00:00.000Z,0,3,0,0,0,0.709,103
2023-10-05T00:00:00.000Z,0,3,0,0,0,0.688,101
2023-10-06T00:00:00.000Z,0,3,0,0,0,0.888,98
2023-10-07T00:00:00.000Z,0,1,0,0,0,0.2,96
2023-10-08T00:00:00.000Z,0,2,0,0,0,0.296,89
2023-10-09T00:00:00.000Z,0,10,0,0,2,2.496,110
2023-10-10T00:00:00.000Z,0,9,0,0,3,2.08,112
2023-10-11T00:00:00.000Z,0,4,3,0,4,1.762,97
2023-10-12T00:00:00.000Z,0,6,2,0,3,1.725,100
2023-10-13T00:00:00.000Z,0,6,1,0,3,1.61,117
2023-10-14T00:00:00.000Z,0,5,0,0,2.5,1.511,109
2023-10-15T00:00:00.000Z,0,4,0,0,1,1.344,91
2023-10-16T00:00:00.000Z,0,3,0,0,0,0.798,95
2023-10-17T00:00:00.000Z,0,5,0,0,2,1.457,112
2023-10-18T00:00:00.000Z,0,2,0,0,0,0.47,93
2023-10-19T00:00:00.000Z,0,2,0,0,0,0.339,95
2023-10-20T00:00:00.000Z,0,1,0,0,0,0.145,93
2023-10-21T00:00:00.000Z,0,4,0,0,0,0.692,71
2023-10-22T00:00:00.000Z,0,7,0,0,2,2.535,21
2023-10-23T00:00:00.000Z,0,8,0,0,0,1.562,104
2023-10-24T00:00:00.000Z,0,1,0,0,0,0.241,97
2023-10-25T00:00:00.000Z,0,4,1,0,3,1.543,105
2023-10-26T00:00:00.000Z,0,3,0,0,1,0.728,102
2023-10-27T00:00:00.000Z,0,4,1,0,2,1.043,106
2023-10-28T00:00:00.000Z,0,3,0,0,0,0.617,95
2023-10-29T00:00:00.000Z,0,4,0,0,0,0.758,100
2023-10-30T00:00:00.000Z,0,5,0,0,0,0.948,102
2023-10-31T00:00:00.000Z,0,4,0,0,1,1.195,104
2023-11-01T00:00:00.000Z,0,13,0,0,0,2.353,109
2023-11-02T00:00:00.000Z,0,3,0,0,0,0.62,96
2023-11-03T00:00:00.000Z,0,8,4,3,4,1.484,117
2023-11-04T00:00:00.000Z,0,5,3,1,4,1.589,116
2023-11-05T00:00:00.000Z,0,7,3,1,4,1.679,105
2023-11-06T00:00:00.000Z,0,4,3,2,4,1.087,108
2023-11-07T00:00:00.000Z,0,5,1,0,1,1.195,104
2023-11-08T00:00:00.000Z,0,4,0,0,0,1.131,97
2023-11-09T00:00:00.000Z,0,5,0,0,3,1.607,99
2023-11-10T00:00:00.000Z,0,7,3,1,4,1.548,116
2023-11-11T00:00:00.000Z,0,14,1,0,4,3.269,110
2023-11-12T00:00:00.000Z,0,4,0,0,0,0.944,61
2023-11-13T00:00:00.000Z,0,3,0,0,0,0.477,92
2023-11-14T00:00:00.000Z,0,0,0,0,0,0,72
2023-11-15T00:00:00.000Z,0,3,0,0,1,0.885,86
2023-11-16T00:00:00.000Z,0,4,1,0,3,1.375,108
2023-11-17T00:00:00.000Z,0,11,1.5,0,3.5,2.561,100
2023-11-18T00:00:00.000Z,0,9,0,0,1,1.758,90
2023-11-19T00:00:00.000Z,0,4,1,0,2,1.177,106
2023-11-20T00:00:00.000Z,0,18,1,0,3,3.993,127
2023-11-21T00:00:00.000Z,0,4,0,0,1,0.914,106
2023-11-22T00:00:00.000Z,0,4,0,0,2,1.442,100
2023-11-23T00:00:00.000Z,0,4,0,0,0,0.923,85
2023-11-24T00:00:00.000Z,0,1,0,0,0,0.152,85
2023-11-25T00:00:00.000Z,0,2,0,0,0,0.375,61
2023-11-26T00:00:00.000Z,0,5,0,0,0,0.989,86
2023-11-27T00:00:00.000Z,0,3,0,0,0,0.468,97
2023-11-28T00:00:00.000Z,0,3,0,0,0,0.674,100
2023-11-29T00:00:00.000Z,0,13,1,0,3,3.096,130
2023-11-30T00:00:00.000Z,0,4,1,0,3,1.309,108
2023-12-01T00:00:00.000Z,0,8,0,0,1,1.451,102
2023-12-02T00:00:00.000Z,0,4,0,0,1,0.884,104
2023-12-03T00:00:00.000Z,0,6,0,0,0,1.091,97
2023-12-04T00:00:00.000Z,0,7,0,0,2,1.714,103
2023-12-05T00:00:00.000Z,0,4,2,1,3,1.416,111
2023-12-06T00:00:00.000Z,0,11,4,3,6.5,2.316,104
2023-12-07T00:00:00.000Z,0,13,4,3,4,2.364,124
2023-12-08T00:00:00.000Z,2,9,4,3,5,1.464,127
2023-12-09T00:00:00.000Z,0,8,3,3,5,1.452,121
2023-12-10T00:00:00.000Z,3,12,8,6,8,2.096,119
2023-12-11T00:00:00.000Z,0,8,4,4,6,1.767,117
2023-12-12T00:00:00.000Z,0,4,3,3,4,0.819,101
2023-12-13T00:00:00.000Z,0,28,3,1,13,8.154,165
2023-12-14T00:00:00.000Z,0,4,0,0,2,1.281,102
2023-12-15T00:00:00.000Z,0,7,1,0,3,1.894,124
2023-12-16T00:00:00.000Z,0,3,0,0,1,0.937,103
2023-12-17T00:00:00.000Z,0,8,0,0,2,1.854,119
2023-12-18T00:00:00.000Z,0,7,0,0,1,1.337,114
2023-12-19T00:00:00.000Z,0,5,0,0,1,1.192,110
2023-12-20T00:00:00.000Z,0,20,1,0,3.5,4.791,133
2023-12-21T00:00:00.000Z,0,8,0,0,2,1.959,115
2023-12-22T00:00:00.000Z,0,2,0,0,0,0.593,98
2023-12-23T00:00:00.000Z,0,8,0,0,2,1.663,100
2023-12-24T00:00:00.000Z,0,6,1,0,4,2.021,98
2023-12-25T00:00:00.000Z,0,9,0,0,1,1.905,108
2023-12-26T00:00:00.000Z,0,5,0,0,1,1.337,104
2023-12-27T00:00:00.000Z,0,8,0,0,1,1.383,103
2023-12-28T00:00:00.000Z,0,11,0,0,3,2.51,122
2023-12-29T00:00:00.000Z,0,8,2,0,4,2.162,115
2023-12-30T00:00:00.000Z,0,4,0,0,1,1.062,104
2023-12-31T00:00:00.000Z,0,55,3,0,6,15.636,128
2024-01-01T00:00:00.000Z,0,4,1,0,3,1.481,106
2024-01-02T00:00:00.000Z,0,4,0,0,3,1.597,98
2024-01-03T00:00:00.000Z,0,1,0,0,0,0.145,93
2024-01-04T00:00:00.000Z,0,12,0,0,1,2.485,107
2024-01-05T00:00:00.000Z,0,15,1,0,3,2.737,103
2024-01-06T00:00:00.000Z,0,8,2,0,3,1.896,102
2024-01-07T00:00:00.000Z,2,17,4,3,4,2.559,113
2024-01-08T00:00:00.000Z,0,4,0,0,1,1.12,87
2024-01-09T00:00:00.000Z,0,4,0,0,0,0.855,104
2024-01-10T00:00:00.000Z,0,4,0,0,0,0.841,105
2024-01-11T00:00:00.000Z,0,8,0,0,0,1.538,101
2024-01-12T00:00:00.000Z,0,0,0,0,0,0,93
2024-01-13T00:00:00.000Z,0,6,0,0,3,1.74,112
2024-01-14T00:00:00.000Z,0,10,0,0,2.5,2.553,100
2024-01-15T00:00:00.000Z,0,9,0,0,0,1.856,97
2024-01-16T00:00:00.000Z,0,13,0,0,3,2.702,113
2024-01-17T00:00:00.000Z,0,5,0,0,1,1.247,108
2024-01-18T00:00:00.000Z,0,4,0,0,0,0.624,94
2024-01-19T00:00:00.000Z,0,16,3.5,0,8,4.752,128
2024-01-20T00:00:00.000Z,0,16,4,3,4,3.283,126
2024-01-21T00:00:00.000Z,0,10,2,0,3,2.28,120
2024-01-22T00:00:00.000Z,0,4,3,1,4,1.479,111
2024-01-23T00:00:00.000Z,0,11,2,0,4,2.766,122
2024-01-24T00:00:00.000Z,0,6,0,0,2,1.58,99
2024-01-25T00:00:00.000Z,0,4,0,0,0,0.989,99
2024-01-26T00:00:00.000Z,0,4,0,0,2,1.501,93
2024-01-27T00:00:00.000Z,0,47,1,0,4,12.611,112
2024-01-28T00:00:00.000Z,0,8,2,1,3,2.263,98
2024-01-29T00:00:00.000Z,0,19,4,1,4,3.617,115
2024-01-30T00:00:00.000Z,1,26,4,4,9,5.616,125
2024-01-31T00:00:00.000Z,0,4,1,0,2,1.387,96
2024-02-01T00:00:00.000Z,0,3,0,0,0,0.606,92
2024-02-02T00:00:00.000Z,0,6,0,0,1,1.364,99
2024-02-03T00:00:00.000Z,0,91,0,0,41,25.726,147
2024-02-04T00:00:00.000Z,0,27,0,0,2,7.247,100
2024-02-05T00:00:00.000Z,0,7,0,0,1,1.446,95
2024-02-06T00:00:00.000Z,0,3,0,0,0,1.012,98
2024-02-07T00:00:00.000Z,0,16,2,1,4,3.786,119
2024-02-08T00:00:00.000Z,0,14,2.5,1,4,2.92,106
2024-02-09T00:00:00.000Z,0,10,4,3,4,1.679,84
2024-02-10T00:00:00.000Z,1,4,3,3,4,0.742,91
2024-02-11T00:00:00.000Z,3,4,3,3,4,0.5,89
2024-02-12T00:00:00.000Z,2,14,5,4,8,2.509,118
2024-02-13T00:00:00.000Z,0,8,3,1,4,1.971,111
2024-02-14T00:00:00.000Z,0,13,4,3,5,2.358,82
2024-02-15T00:00:00.000Z,3,63,6,4,10,11.914,167
2024-02-16T00:00:00.000Z,0,7,2,0,4,2.021,107
2024-02-17T00:00:00.000Z,0,7,0,0,0,1.961,111
2024-02-18T00:00:00.000Z,0,18,0,0,4,4.526,136
2024-02-19T00:00:00.000Z,0,8,3.5,3,4,1.656,108
2024-02-20T00:00:00.000Z,0,8,3,1,4,1.796,112
2024-02-21T00:00:00.000Z,0,24,2,0,4,4.556,149
2024-02-22T00:00:00.000Z,0,90,8,4,54,28.96,202
2024-02-23T00:00:00.000Z,0,8,2,0,4,2.558,114
2024-02-24T00:00:00.000Z,0,51,3,0,9,12.735,159
2024-02-25T00:00:00.000Z,0,48,3,1,9,12.364,163
2024-02-26T00:00:00.000Z,3,27,5,4,8,5.712,143
2024-02-27T00:00:00.000Z,0,75,4,3,13,16.675,157
2024-02-28T00:00:00.000Z,0,63,17.5,2,31,17.058,218
2024-02-29T00:00:00.000Z,0,51,7,4,22,12.675,184
2024-03-01T00:00:00.000Z,3,22,8,6,8.5,3.694,128
2024-03-02T00:00:00.000Z,3,71,8,6,18.5,17.343,176
2024-03-03T00:00:00.000Z,3,85,8,7,16,22.282,158
2024-03-04T00:00:00.000Z,3,10,8,7,8,1.555,104
2024-03-05T00:00:00.000Z,0,15,4,3,8,3.354,118
2024-03-06T00:00:00.000Z,0,4,1.5,1,3,1.198,60
2024-03-10T00:00:00.000Z,0,7,0,0,2,1.472,64
2024-03-11T00:00:00.000Z,0,45,2,0,4,9.755,146
2024-03-12T00:00:00.000Z,0,30,3,1,12,8.796,173
2024-03-13T00:00:00.000Z,1,79,8.5,4,32,20.112,194
2024-03-14T00:00:00.000Z,0,32,10,3,15.5,7.849,128
2024-03-15T00:00:00.000Z,0,16,6,3,11,4.71,123
2024-03-16T00:00:00.000Z,0,11,4,0,7,3.508,114
2024-03-17T00:00:00.000Z,0,91,3,0,49.5,30.363,165
2024-03-18T00:00:00.000Z,0,37,0,0,9,8.604,148
2024-03-19T00:00:00.000Z,0,8,0,0,1,1.698,112
2024-03-20T00:00:00.000Z,0,11,3,1,4,2.054,115
2024-03-21T00:00:00.000Z,0,38,4,2,14,10.95,143
2024-03-22T00:00:00.000Z,0,82,24.5,2,42,23.174,242
2024-03-23T00:00:00.000Z,0,55,3,1,15,13.276,149
2024-03-24T00:00:00.000Z,0,60,2,0,22,16.075,177
2024-03-25T00:00:00.000Z,0,23,0,0,2,4.926,118
2024-03-26T00:00:00.000Z,0,86,8,2,28,23.179,220
2024-03-27T00:00:00.000Z,0,34,6,4,8,7.851,130
2024-03-28T00:00:00.000Z,3,9,4,3.5,4,1.241,101
2024-03-29T00:00:00.000Z,0,16,6,4,8,3.225,84
2024-03-30T00:00:00.000Z,0,31,2,0,4,7.804,131
2024-03-31T00:00:00.000Z,0,13,3,1,4,2.966,117
2024-04-01T00:00:00.000Z,0,23,2,0,4,5.029,121
2024-04-02T00:00:00.000Z,0,4,2,1,3,1.199,110
2024-04-03T00:00:00.000Z,0,19,0,0,1,3.622,107
2024-04-04T00:00:00.000Z,0,25,0,0,1,6.262,103
2024-04-05T00:00:00.000Z,0,25,4,0,10,6.566,161
2024-04-06T00:00:00.000Z,0,40,2,0,16,11.535,151
2024-04-07T00:00:00.000Z,0,125,4,1.5,17,33.191,141
2024-04-08T00:00:00.000Z,0,18,2,0,4,5.107,123
2024-04-09T00:00:00.000Z,0,7,0,0,2,1.491,107
2024-04-10T00:00:00.000Z,0,6,1,0,3,1.657,99
2024-04-11T00:00:00.000Z,0,41,3,2,6,7.724,131
2024-04-12T00:00:00.000Z,0,10,3,2,4,1.815,120
2024-04-13T00:00:00.000Z,0,24,1,0,3,3.694,107
2024-04-14T00:00:00.000Z,0,7,2,0,3,1.76,112
2024-04-15T00:00:00.000Z,0,44,0,0,3,8.541,124
2024-04-16T00:00:00.000Z,0,83,15,0,53,29.188,189
2024-04-17T00:00:00.000Z,0,15,0,0,0,3.537,107
2024-04-18T00:00:00.000Z,0,8,0,0,1,1.516,101
2024-04-19T00:00:00.000Z,0,4,1,0,1,1.004,104
2024-04-20T00:00:00.000Z,0,3,0,0,0,0.753,103
2024-04-21T00:00:00.000Z,0,2,0,0,1,0.599,110
2024-04-22T00:00:00.000Z,0,3,0,0,1,0.687,108
2024-04-23T00:00:00.000Z,0,7,2,1,3,1.789,122
2024-04-24T00:00:00.000Z,0,8,2,0,4,1.929,118
2024-04-25T00:00:00.000Z,0,51,4,3,4,10.125,138
2024-04-26T00:00:00.000Z,0,52,1,0,9.5,10.806,137
2024-04-27T00:00:00.000Z,0,67,4,2,25,18.343,173
2024-04-28T00:00:00.000Z,0,32,3,1,4,6.623,99
2024-04-29T00:00:00.000Z,0,6,3,1,4,1.651,115
2024-04-30T00:00:00.000Z,0,21,1,0,6,5.61,142
2024-05-01T00:00:00.000Z,0,25,2,0,4,5.399,116
2024-05-02T00:00:00.000Z,0,19,0,0,1,3.701,112
2024-05-03T00:00:00.000Z,0,5,0,0,2,1.555,111
2024-05-04T00:00:00.000Z,0,5,1,0,1,1.168,70
2024-05-05T00:00:00.000Z,0,5,0,0,1,1.394,87
2024-05-06T00:00:00.000Z,0,8,0,0,3,1.862,109
2024-05-07T00:00:00.000Z,0,6,0,0,1,1.376,110
2024-05-08T00:00:00.000Z,0,6,0,0,1,1.254,105
2024-05-09T00:00:00.000Z,0,6,2,1,4,1.416,116
2024-05-10T00:00:00.000Z,0,9,0,0,2,1.891,98
2024-05-11T00:00:00.000Z,0,4,0,0,1,1.01,84
2024-05-12T00:00:00.000Z,0,6,0,0,2,1.782,114
2024-05-13T00:00:00.000Z,0,6,0,0,1,1.402,110
2024-05-14T00:00:00.000Z,0,8,0,0,0,1.54,103
2024-05-15T00:00:00.000Z,0,5,0,0,1,1.288,106
2024-05-16T00:00:00.000Z,0,8,1,0,2,1.632,111
2024-05-17T00:00:00.000Z,0,8,3,2,4,1.246,100
2024-05-18T00:00:00.000Z,0,12,3,2,4,2.772,114
2024-05-19T00:00:00.000Z,0,5,2,1,3,1.278,118
2024-05-20T00:00:00.000Z,0,4,0,0,0,1.107,96
2024-05-21T00:00:00.000Z,0,4,0,0,0,0.963,97
2024-05-22T00:00:00.000Z,0,4,0,0,2,1.164,100
2024-05-23T00:00:00.000Z,0,5,2,0,3,1.562,91
2024-05-24T00:00:00.000Z,0,11,3,3,4,2.241,108
2024-05-25T00:00:00.000Z,0,10,4,3,4,1.71,89
2024-05-26T00:00:00.000Z,1,26,4,3,7,4.799,73
2024-05-27T00:00:00.000Z,0,8,4,3,4,1.204,122
2024-05-28T00:00:00.000Z,1,8,4,3,4,1.055,106
2024-05-29T00:00:00.000Z,0,7,3,1.5,4,1.678,88
2024-05-30T00:00:00.000Z,0,5,1,0,2,1.558,85
2024-05-31T00:00:00.000Z,0,7,4,3,4,1.217,105
2024-06-01T00:00:00.000Z,3,8,4,4,4,1.334,98
2024-06-02T00:00:00.000Z,1,9,4,3,4,1.175,113
2024-06-03T00:00:00.000Z,0,84,4,3,4.5,19.899,121
2024-06-04T00:00:00.000Z,0,8,0,0,1.5,1.647,108
2024-06-05T00:00:00.000Z,0,4,1,0,2,1.334,108
2024-06-06T00:00:00.000Z,0,4,1,0,3,1.402,108
2024-06-07T00:00:00.000Z,0,4,0,0,1,1.313,109
2024-06-08T00:00:00.000Z,0,9,1,0,4,2.08,113
2024-06-09T00:00:00.000Z,0,12,0,0,3,2.222,110
2024-06-10T00:00:00.000Z,0,4,0,0,2,1.291,114
2024-06-11T00:00:00.000Z,0,4,0,0,0,1.026,102
2024-06-12T00:00:00.000Z,0,7,0,0,0,1.359,104
2024-06-13T00:00:00.000Z,0,7,0.5,0,3,1.823,110
2024-06-14T00:00:00.000Z,0,6,0,0,1,1.481,96
2024-06-15T00:00:00.000Z,0,6,0.5,0,2,1.811,84
2024-06-16T00:00:00.000Z,0,5,1,0,3,1.566,106
2024-06-17T00:00:00.000Z,0,7,1,0,3,1.859,101
2024-06-18T00:00:00.000Z,0,4,1,0,2,1.344,106
2024-06-19T00:00:00.000Z,0,4,0,0,1,1.02,95
2024-06-20T00:00:00.000Z,0,6,0,0,2,1.428,102
2024-06-21T00:00:00.000Z,0,3,0,0,1,0.878,98
2024-06-22T00:00:00.000Z,0,4,0,0,0,1.063,100
2024-06-23T00:00:00.000Z,0,4,0,0,1,1.058,107
2024-06-24T00:00:00.000Z,0,8,0,0,2,1.644,106
2024-06-25T00:00:00.000Z,0,5,0,0,1,1.154,101
2024-06-26T00:00:00.000Z,0,7,1,0,2,1.61,102
2024-06-27T00:00:00.000Z,0,5,2,1,3,1.359,109
2024-06-28T00:00:00.000Z,0,7,4,3,4,1.442,102
2024-06-29T00:00:00.000Z,0,5,0,0,1,1.09,86
2024-06-30T00:00:00.000Z,0,6,0,0,0,1.4,97
2024-07-01T00:00:00.000Z,0,3,0,0,1,0.825,93
2024-07-02T00:00:00.000Z,0,10,0.5,0,1,1.572,106
2024-07-03T00:00:00.000Z,0,8,0,0,1,1.808,111
2024-07-04T00:00:00.000Z,0,3,0,0,0,0.549,63
2024-07-05T00:00:00.000Z,0,3,0,0,0,0.834,77
2024-07-06T00:00:00.000Z,0,4,0,0,1,1.183,95
2024-07-07T00:00:00.000Z,0,263,0,0,17.5,71.75,116
2024-07-08T00:00:00.000Z,0,4,0,0,0,1.137,80
2024-07-09T00:00:00.000Z,0,6,0,0,2,1.453,103
2024-07-10T00:00:00.000Z,0,4,0,0,0,0.907,88
2024-07-11T00:00:00.000Z,0,11,2,0,4,2.356,85
2024-07-12T00:00:00.000Z,0,5,1,0,2,1.397,91
2024-07-13T00:00:00.000Z,0,4,1,0,3,1.517,76
2024-07-14T00:00:00.000Z,0,4,0,0,1,1.098,66
2024-07-15T00:00:00.000Z,0,5,0,0,0,1.048,65
2024-07-16T00:00:00.000Z,0,5,0,0,2,1.505,91
2024-07-17T00:00:00.000Z,0,4,2,0,3.5,1.612,81
2024-07-18T00:00:00.000Z,0,2,0,0,0,0.449,73
2024-07-19T00:00:00.000Z,0,6,0,0,0,1.054,100
2024-07-20T00:00:00.000Z,0,4,1,0,3,1.394,113
2024-07-21T00:00:00.000Z,0,8,4,3,5,1.608,110
2024-07-22T00:00:00.000Z,3,7,4,4,4,0.714,104
2024-07-23T00:00:00.000Z,0,7,3,2,4,1.568,113
2024-07-24T00:00:00.000Z,0,7,0,0,1,1.596,108
2024-07-25T00:00:00.000Z,0,8,1,0,2,1.619,114
2024-07-26T00:00:00.000Z,0,4,0,0,0,1.053,107
2024-07-27T00:00:00.000Z,0,3,0,0,1,0.906,109
2024-07-28T00:00:00.000Z,0,4,0,0,1,0.955,108
2024-07-29T00:00:00.000Z,0,20,0,0,0,3.182,108
2024-07-30T00:00:00.000Z,0,4,0,0,0,0.882,101
2024-07-31T00:00:00.000Z,0,4,1,0,3,1.435,111
2024-08-01T00:00:00.000Z,0,3,0,0,0,0.515,95
2024-08-02T00:00:00.000Z,0,8,1,0,2,1.472,113
2024-08-03T00:00:00.000Z,0,5,2,1,3,1.319,116
2024-08-04T00:00:00.000Z,0,12,4,3,4,1.997,123
2024-08-05T00:00:00.000Z,2,8,4,4,4,1.048,112
2024-08-06T00:00:00.000Z,0,5,4,3,4,0.748,113
2024-08-07T00:00:00.000Z,0,7,4,3,4,1.218,123
2024-08-08T00:00:00.000Z,0,7,3,2,4,1.665,110
2024-08-09T00:00:00.000Z,0,13,1,0,2,2.379,115
2024-08-10T00:00:00.000Z,0,4,0,0,1,1.026,106
2024-08-11T00:00:00.000Z,0,4,0,0,1,0.913,106
2024-08-12T00:00:00.000Z,0,4,0,0,0,0.512,95
2024-08-13T00:00:00.000Z,0,6,0,0,0,1.173,103
2024-08-14T00:00:00.000Z,0,4,0,0,1,1.309,102
2024-08-15T00:00:00.000Z,0,8,0,0,3,1.821,107
2024-08-16T00:00:00.000Z,0,6,2,0,3,1.373,110
2024-08-17T00:00:00.000Z,0,4,0,0,0,0.987,91
2024-08-18T00:00:00.000Z,0,4,1,0,2,1.191,78
2024-08-19T00:00:00.000Z,0,4,0,0,2,1.342,104
2024-08-20T00:00:00.000Z,0,8,2,0,4,2.037,108
2024-08-21T00:00:00.000Z,0,7,4,2,4,1.31,109
2024-08-22T00:00:00.000Z,0,6,0,0,2.5,1.767,104
2024-08-23T00:00:00.000Z,0,7,1,1,4,1.855,109
2024-08-24T00:00:00.000Z,0,4,0,0,1,0.985,88
2024-08-25T00:00:00.000Z,0,8,3,1.5,4,1.591,105
2024-08-26T00:00:00.000Z,0,11,3,0,4,2.468,114
2024-08-27T00:00:00.000Z,0,6,4,3,4,1.066,79
2024-08-28T00:00:00.000Z,1,7,4,3,4,0.984,70
2024-08-29T00:00:00.000Z,3,12,6,4,7,1.868,92
2024-08-30T00:00:00.000Z,0,12,4,1,7,3.017,117
2024-08-31T00:00:00.000Z,0,6,3,0.5,4,1.707,101
2024-09-01T00:00:00.000Z,0,5,2,0,3,1.439,91
2024-09-02T00:00:00.000Z,0,4,0,0,0,1.033,85
2024-09-03T00:00:00.000Z,0,4,0,0,1,1.034,94
2024-09-04T00:00:00.000Z,0,12,6,4,7,2.965,101
2024-09-05T00:00:00.000Z,3,6,4,3,4,0.847,61
2024-09-06T00:00:00.000Z,3,8,4,4,5,1.318,90
2024-09-07T00:00:00.000Z,0,17,5,4,8,3.321,100
2024-09-08T00:00:00.000Z,3,10,6,4,8,1.877,120
2024-09-09T00:00:00.000Z,3,8,5,4,7,1.493,64
2024-09-10T00:00:00.000Z,0,5,0,0,2,1.595,75
2024-09-11T00:00:00.000Z,0,7,1,0,3,1.869,116
2024-09-12T00:00:00.000Z,0,11,1,0,3,2.388,124
2024-09-13T00:00:00.000Z,0,6,0,0,0,1.141,85
2024-09-14T00:00:00.000Z,0,3,0,0,0,0.844,51
2024-09-15T00:00:00.000Z,0,11,0,0,1,2.191,106
2024-09-16T00:00:00.000Z,0,4,0,0,0,1.059,89
2024-09-17T00:00:00.000Z,0,4,0,0,1,1.116,106
2024-09-18T00:00:00.000Z,0,8,0,0,2,1.518,112
2024-09-19T00:00:00.000Z,0,4,0,0,2,1.37,106
2024-09-20T00:00:00.000Z,0,7,1,0,3,1.654,117
2024-09-21T00:00:00.000Z,0,4,0,0,2,1.408,106
2024-09-22T00:00:00.000Z,0,17,1,0,3,3.858,129
2024-09-23T00:00:00.000Z,0,7,2,0,3,1.684,122
2024-09-24T00:00:00.000Z,1,14,8,5,9,2.709,136
2024-09-25T00:00:00.000Z,0,8,3,1,4,2.055,125
2024-09-26T00:00:00.000Z,0,4,0,0,2,1.255,112
2024-09-27T00:00:00.000Z,0,4,0,0,2,1.223,108
2024-09-28T00:00:00.000Z,0,4,0,0,2,1.287,106
2024-09-29T00:00:00.000Z,0,5,0,0,2,1.417,101
2024-09-30T00:00:00.000Z,0,7,0,0,1,1.528,103
2024-10-01T00:00:00.000Z,0,18,0,0,2,4.022,115
2024-10-02T00:00:00.000Z,0,4,0,0,1,1.177,102
2024-10-03T00:00:00.000Z,0,26,0,0,4,5.986,134
2024-10-04T00:00:00.000Z,0,8,0,0,3,1.828,112
2024-10-05T00:00:00.000Z,0,8,1,0,3,1.961,114
2024-10-06T00:00:00.000Z,0,8,0,0,2,2.052,112
2024-10-07T00:00:00.000Z,0,120,2,0,28.5,32.616,157
2024-10-08T00:00:00.000Z,0,15,3,0,4,3.015,129
2024-10-09T00:00:00.000Z,0,4,1,0,3,1.435,115
2024-10-10T00:00:00.000Z,0,6,1,0,2,1.489,109
2024-10-11T00:00:00.000Z,0,11,0,0,2,2.476,110
2024-10-12T00:00:00.000Z,0,7,0,0,2,1.634,112
2024-10-13T00:00:00.000Z,0,8,1,0,3,1.732,120
2024-10-14T00:00:00.000Z,0,9,1,0,3,2.219,118
2024-10-15T00:00:00.000Z,0,113,1,0,28,32.975,159
2024-10-16T00:00:00.000Z,0,21,0,0,4,4.411,130
2024-10-17T00:00:00.000Z,0,31,1,0,3,4.288,123
2024-10-18T00:00:00.000Z,0,8,4,3,4,1.846,115
2024-10-19T00:00:00.000Z,1,7,3,3,4,1.328,116
2024-10-20T00:00:00.000Z,0,16,4,4,8,2.891,120
2024-10-21T00:00:00.000Z,0,8,3,1,7,2.86,115
2024-10-22T00:00:00.000Z,0,4,3,2,3,1.022,125
2024-10-23T00:00:00.000Z,0,7,3,1,3,1.525,120
2024-10-24T00:00:00.000Z,0,8,2,0,3,1.89,117
2024-10-25T00:00:00.000Z,0,8,2.5,1,4,1.833,108
2024-10-26T00:00:00.000Z,0,19,4,1,4,3.61,113
2024-10-27T00:00:00.000Z,0,12,5,3,8,3.318,117
2024-10-28T00:00:00.000Z,0,6,1,0,3,1.649,115
2024-10-29T00:00:00.000Z,0,34,2,0,3.5,6.847,125
2024-10-30T00:00:00.000Z,0,4,2,0,3,1.311,113
2024-10-31T00:00:00.000Z,0,10,2,0,3,2.094,111
2024-11-01T00:00:00.000Z,0,27,1,0,2,4.346,122
2024-11-02T00:00:00.000Z,0,3,0,0,0,0.716,70
2024-11-03T00:00:00.000Z,0,4,0,0,0,1.05,96
2024-11-04T00:00:00.000Z,0,5,0,0,0,1.157,101
2024-11-06T00:00:00.000Z,0,4,0,0,1,1.165,93
2024-11-07T00:00:00.000Z,0,5,0,0,2,1.495,71
2024-11-08T00:00:00.000Z,0,8,0,0,1,1.569,107
2024-11-09T00:00:00.000Z,0,7,1,0,2,1.422,115
2024-11-10T00:00:00.000Z,0,5,0,0,1,1.17,107
2024-11-11T00:00:00.000Z,0,8,1,0,3,1.808,117
2024-11-12T00:00:00.000Z,0,79,0,0,7,19.102,139
2024-11-13T00:00:00.000Z,0,10,0,0,1,1.693,104
2024-11-14T00:00:00.000Z,0,44,1,0,20,13.594,158
2024-11-15T00:00:00.000Z,0,4,0,0,1,1.014,102
2024-11-16T00:00:00.000Z,0,4,0,0,3,1.488,103
2024-11-17T00:00:00.000Z,0,3,0,0,0,0.607,98
2024-11-18T00:00:00.000Z,0,10,0,0,0,2.196,104
2024-11-19T00:00:00.000Z,0,4,0,0,1,1.097,98
2024-11-20T00:00:00.000Z,0,0,0,0,0,0,93
2024-11-21T00:00:00.000Z,0,12,0,0,1,2.633,103
2024-11-22T00:00:00.000Z,0,8,0,0,0,1.722,102
2024-11-23T00:00:00.000Z,0,8,0,0,2,1.616,107
2024-11-24T00:00:00.000Z,0,8,2,0,3,2.255,112
2024-11-25T00:00:00.000Z,0,10,3,3,4,1.517,106
2024-11-26T00:00:00.000Z,0,4,1,0,2,1.103,125
2024-11-27T00:00:00.000Z,0,4,0,0,0,0.65,94
2024-11-28T00:00:00.000Z,0,1,0,0,0,0.144,95
2024-11-29T00:00:00.000Z,0,2,0,0,0,0.317,96
2024-11-30T00:00:00.000Z,0,2,0,0,1,0.681,101
2024-12-01T00:00:00.000Z,0,4,2,1,3,1.35,117
2024-12-02T00:00:00.000Z,0,11,4,3,5,1.838,111
2024-12-03T00:00:00.000Z,0,91,1.5,0,34.5,29.194,168
2024-12-04T00:00:00.000Z,0,4,0,0,1,1.324,104
2024-12-05T00:00:00.000Z,0,7,0,0,2,1.602,104
2024-12-06T00:00:00.000Z,0,7,2,0,3,1.848,108
2024-12-07T00:00:00.000Z,1,4,3,3,4,0.68,108
2024-12-08T00:00:00.000Z,3,7,4,3,4,0.942,111
2024-12-09T00:00:00.000Z,0,4,0,0,0,1.052,98
2024-12-10T00:00:00.000Z,0,1,0,0,0,0.144,95
2024-12-11T00:00:00.000Z,0,0,0,0,0,0,93
2024-12-12T00:00:00.000Z,0,4,0,0,0,0.837,99
2024-12-13T00:00:00.000Z,0,2,0,0,0,0.522,97
2024-12-14T00:00:00.000Z,0,14,0,0,3,3.097,103
2024-12-15T00:00:00.000Z,0,1,0,0,0,0.102,95
2024-12-16T00:00:00.000Z,0,38,0,0,9,11.134,140
2024-12-17T00:00:00.000Z,0,0,0,0,0,0,95
2024-12-18T00:00:00.000Z,0,4,0,0,1,1.243,100
2024-12-19T00:00:00.000Z,0,4,1,0,1,0.961,113
2024-12-20T00:00:00.000Z,0,3,0,0,0,0.497,96
2024-12-21T00:00:00.000Z,0,4,0,0,0,1.357,97
2024-12-22T00:00:00.000Z,0,11,0,0,2,2.101,114
2024-12-23T00:00:00.000Z,0,4,1,0,2,1.244,108
2024-12-24T00:00:00.000Z,0,3,0,0,1,0.783,99
2024-12-25T00:00:00.000Z,0,5,0,0,0,1.022,97
2024-12-26T00:00:00.000Z,0,4,0,0,1,1.045,105
2024-12-27T00:00:00.000Z,0,4,0,0,0,0.691,89
2024-12-28T00:00:00.000Z,0,0,0,0,0,0,87
2024-12-29T00:00:00.000Z,0,13,0,0,2,3.198,91
2024-12-30T00:00:00.000Z,0,7,0,0,0,1.131,85
2024-12-31T00:00:00.000Z,0,33,2,0,12.5,10.474,141
2025-01-01T00:00:00.000Z,0,1,0,0,0,0.16,38
